key1,Condo Name,Address,GPR,simp_gpr,area
1,One CANBERRA,"One CANBERRA, Singapore",2.8,2.8,
2,1 KIM KEAT CLOSE,"1 KIM KEAT CLOSE, Singapore",2.8,2.8, 
3,1 LOFT,"1 LOFT, Singapore",2.8,2.8, 
4,1 MOULMEIN RISE,"1 MOULMEIN RISE, Singapore",2.8,2.8, 
6,10 SHELFORD,"10 SHELFORD, Singapore",2.8,2.8,
11,16 @ AMBER,"16 @ AMBER, Singapore",2.8,2.8, 
12,18 WOODSVILLE,"18 WOODSVILLE, Singapore",3.0,3.0,
18,24 ONE RESIDENCES,"24 ONE RESIDENCES, Singapore",1.4,1.4,"1,201.5 sqm"
19,26 NEWTON,"26 NEWTON, Singapore",1.4,1.4,
22,28 IMPERIAL RESIDENCES,"28 IMPERIAL RESIDENCES, Singapore",2.8,2.8, 
23,28 RC SUITES,"28 RC SUITES, Singapore",1.4,1.4,
27,33 RESIDENCES,"33 RESIDENCES, Singapore",2.8,2.8,678.9 sqm
28,336 RIVER VALLEY,"336 RIVER VALLEY, Singapore",1.6,1.6,
29,368 THOMSON,"368 THOMSON, Singapore",2.8,2.8, 
30,38 AMBER,"38 AMBER, Singapore",2.8,2.8, 
31,38 DRAYCOTT DRIVE,"38 DRAYCOTT DRIVE, Singapore",2.8,2.8, 
32,38 I SUITES,"38 I SUITES, Singapore",2.8,2.8, 
35,448 @ EAST COAST,"448 @ EAST COAST, Singapore",2.8,2.8,
36,57 @ KOVAN,"57 @ KOVAN, Singapore",1.4,1.4, 
38,6 DERBYSHIRE,"6 DERBYSHIRE, Singapore",2.8,2.8,
41,7 ON CHAPEL,"7 ON CHAPEL, Singapore",1.4,1.4, 
42,70@TRURO,"70@TRURO, Singapore",1.4,1.4,"1,371.3 sqm"
45,8 @ WOODLEIGH,"8 @ WOODLEIGH, Singapore",1.4,1.4,
46,8 BASSEIN,"8 BASSEIN, Singapore",2.8,2.8, 
47,8 EDEN GROVE,"8 EDEN GROVE, Singapore",1.4,1.4, 
48,8 FARRER SUITES,"8 FARRER SUITES, Singapore",1.4,1.4,
50,8 NAPIER,"8 NAPIER, Singapore",1.6,1.6, 
51,8 NASSIM HILL,"8 NASSIM HILL, Singapore",1.4,1.4, 
54,8 SAINT THOMAS,"8 SAINT THOMAS, Singapore",2.8,2.8,"9,244.6 sqm"
56,8M RESIDENCES,"8M RESIDENCES, Singapore",2.1,2.1,"2,229.8 sqm"
59,AALTO,"AALTO, Singapore",2.8,2.8, 
60,ADAM GREEN,"ADAM GREEN, Singapore",1.4,1.4, 
61,ADANA @ THOMSON,"ADANA @ THOMSON, Singapore",1.4,1.4, 
62,ADORA GREEN,"ADORA GREEN, Singapore",2.8,2.8,"27,473.7 sqm"
63,ADRIA,"ADRIA, Singapore",1.4,1.4,
66,ALBA,"ALBA, Singapore",2.8,2.8, 
67,ALESSANDREA,"ALESSANDREA, Singapore",2.8,2.8,
70,ALEXIS,"ALEXIS, Singapore",3.0,3.0,0 sqm
71,ALLSWORTH PARK,"ALLSWORTH PARK, Singapore",2.1,2.1, 
74,AMANINDA,"AMANINDA, Singapore",1.4,1.4, 
76,AMARYLLIS VILLE,"AMARYLLIS VILLE, Singapore",2.8,2.8, 
77,AMBER 45,"AMBER 45, Singapore",2.1,2.1,"6,490 sqm"
78,AMBER PARK,"AMBER PARK, Singapore",2.8,2.8,"19,850.9 sqm"
79,AMBER POINT,"AMBER POINT, Singapore",2.8,2.8, 
80,AMBER RESIDENCES,"AMBER RESIDENCES, Singapore",2.8,2.8, 
81,AMBER SKYE,"AMBER SKYE, Singapore",2.8,2.8,"3,781.9 sqm"
82,AMORE,"AMORE, Singapore",3.0,3.0,"13,564.8 sqm"
83,AMPAS APARTMENTS,"AMPAS APARTMENTS, Singapore",2.8,2.8, 
88,APLETON VIEW,"APLETON VIEW, Singapore",2.8,2.8, 
90,AQUARIUS BY THE PARK,"AQUARIUS BY THE PARK, Singapore",2.1,2.1, 
92,ARC AT TAMPINES,"ARC AT TAMPINES, Singapore",2.8,2.8, 
93,ARCHIPELAGO,"ARCHIPELAGO, Singapore",1.4,1.4,"45,622.9 sqm"
94,ARDMORE 3,"ARDMORE 3, Singapore",2.8,2.8,
95,ARDMORE II,"ARDMORE II, Singapore",2.8,2.8, 
96,ARDMORE PARK,"ARDMORE PARK, Singapore",2.8,2.8, 
97,ARDMORE RESIDENCE,"ARDMORE RESIDENCE, Singapore",2.8,2.8, 
100,ARTRA,"ARTRA, Singapore",4.9,3.0,"8,398.5 sqm"
101,ASCENT @ 456,"ASCENT @ 456, Singapore",3.0,3.0, 
102,ASCENTIA SKY,"ASCENTIA SKY, Singapore",4.9,3.0,"8,558.9 sqm"
103,ASPEN HEIGHTS,"ASPEN HEIGHTS, Singapore",2.8,2.8, 
104,ASPEN LOFT,"ASPEN LOFT, Singapore",2.8,2.8,
107,ASTOR GREEN,"ASTOR GREEN, Singapore",2.1,2.1, 
108,ASTORIA PARK,"ASTORIA PARK, Singapore",2.1,2.1, 
109,ASTRID MEADOWS,"ASTRID MEADOWS, Singapore",1.4,1.4, 
111,ATRIUM RESIDENCES,"ATRIUM RESIDENCES, Singapore",2.8,2.8,81 sqm
114,AUSTVILLE RESIDENCES,"AUSTVILLE RESIDENCES, Singapore",4.9,3.0,
115,AVA TOWERS,"AVA TOWERS, Singapore",2.8,2.8, 
116,AVALON,"AVALON, Singapore",1.6,1.6, 
117,AVENUE PARK,"AVENUE PARK, Singapore",2.8,2.8,
118,AVILA GARDENS,"AVILA GARDENS, Singapore",1.4,1.4,237.6 sqm
119,AVON PARK,"AVON PARK, Singapore",2.8,2.8, 
120,AXIS @ SIGLAP,"AXIS @ SIGLAP, Singapore",1.4,1.4,"2,395.1 sqm"
121,AZALEA PARK CONDOMINIUM,"AZALEA PARK CONDOMINIUM, Singapore",1.4,1.4, 
122,BAGNALL COURT,"BAGNALL COURT, Singapore",1.4,1.4, 
123,BALCON EAST,"BALCON EAST, Singapore",1.4,1.4, 
126,BALESTIER PLAZA,"BALESTIER PLAZA, Singapore",3.0,3.0, 
127,BALESTIER POINT,"BALESTIER POINT, Singapore",3.0,3.0, 
128,BALESTIER REGENCY,"BALESTIER REGENCY, Singapore",2.8,2.8, 
129,BALLOTA PARK CONDOMINIUM,"BALLOTA PARK CONDOMINIUM, Singapore",1.4,1.4, 
130,BALMORAL 8,"BALMORAL 8, Singapore",1.6,1.6, 
132,BALMORAL CREST,"BALMORAL CREST, Singapore",1.6,1.6, 
133,BALMORAL GATE,"BALMORAL GATE, Singapore",2.1,2.1, 
135,BALMORAL HEIGHTS,"BALMORAL HEIGHTS, Singapore",1.6,1.6, 
136,BALMORAL HILLS,"BALMORAL HILLS, Singapore",1.6,1.6,"5,360 sqm"
137,BALMORAL LUCK,"BALMORAL LUCK, Singapore",1.6,1.6, 
138,BALMORAL PLACE,"BALMORAL PLACE, Singapore",1.6,1.6, 
139,BALMORAL POINT,"BALMORAL POINT, Singapore",2.1,2.1, 
140,BALMORAL RESIDENCES,"BALMORAL RESIDENCES, Singapore",1.6,1.6, 
141,BALMORAL TOWER,"BALMORAL TOWER, Singapore",2.1,2.1, 
143,BANYAN CONDOMINIUM,"BANYAN CONDOMINIUM, Singapore",1.4,1.4, 
145,BARTLEY RESIDENCES,"BARTLEY RESIDENCES, Singapore",2.8,2.8,"22,094.4 sqm"
146,BARTLEY RIDGE,"BARTLEY RIDGE, Singapore",3.0,3.0, 
147,BARTLEY VUE,"BARTLEY VUE, Singapore",2.1,2.1,
148,BASSEIN COURT,"BASSEIN COURT, Singapore",2.8,2.8, 
150,BAYOU RESIDENCE,"BAYOU RESIDENCE, Singapore",1.4,1.4, 
151,BAYSHORE PARK,"BAYSHORE PARK, Singapore",2.8,2.8, 
152,BAYVILLE CONDOMINIUM,"BAYVILLE CONDOMINIUM, Singapore",1.4,1.4, 
153,BAYWATER,"BAYWATER, Singapore",2.5,2.8,"25,796.5 sqm"
154,BEACON HEIGHTS,"BEACON HEIGHTS, Singapore",2.8,2.8,"5,903.2 sqm"
156,BEAUFORT ON NASSIM,"BEAUFORT ON NASSIM, Singapore",1.4,1.4, 
157,BEAVERTON COURT,"BEAVERTON COURT, Singapore",2.8,2.8,
158,BEDOK COURT,"BEDOK COURT, Singapore",2.1,2.1, 
160,BELLA CASITA,"BELLA CASITA, Singapore",2.8,2.8, 
162,BELLE VUE RESIDENCES,"BELLE VUE RESIDENCES, Singapore",1.4,1.4, 
163,BELLERIVE,"BELLERIVE, Singapore",2.1,2.1, 
164,BELLEWATERS,"BELLEWATERS, Singapore",3.0,3.0,"23,000 sqm"
165,BELLEWOODS,"BELLEWOODS, Singapore",2.8,2.8,"21,004.3 sqm"
167,BELMOND GREEN,"BELMOND GREEN, Singapore",1.6,1.6, 
168,BELMONDO VIEW,"BELMONDO VIEW, Singapore",2.8,2.8, 
169,BELYSA,"BELYSA, Singapore",2.1,2.1, 
171,BERKELEY RESIDENCES,"BERKELEY RESIDENCES, Singapore",1.4,1.4,"1,125.8 sqm"
172,BEVERLY HILL,"BEVERLY HILL, Singapore",2.1,2.1,"13,732.72 sqm"
173,BIJOU,"BIJOU, Singapore",3.0,3.0,"3,680 sqm"
174,BIRCHWOOD MANSIONS,"BIRCHWOOD MANSIONS, Singapore",3.0,3.0,
175,BIRMINGHAM MANSIONS,"BIRMINGHAM MANSIONS, Singapore",2.8,2.8, 
176,BISHAN 8,"BISHAN 8, Singapore",1.6,1.6, 
177,BISHAN LOFT,"BISHAN LOFT, Singapore",1.4,1.4,
178,BISHAN POINT,"BISHAN POINT, Singapore",2.1,2.1,
179,BISHOPSGATE RESIDENCES,"BISHOPSGATE RESIDENCES, Singapore",1.4,1.4, 
180,BLEU @ EAST COAST,"BLEU @ EAST COAST, Singapore",2.8,2.8,
181,BLISS LOFT,"BLISS LOFT, Singapore",2.8,2.8, 
183,BLISS RESIDENCES,"BLISS RESIDENCES, Singapore",1.6,1.6,
185,BLOSSOM RESIDENCES,"BLOSSOM RESIDENCES, Singapore",3.0,3.0,0 sqm
186,BLOSSOM VIEW,"BLOSSOM VIEW, Singapore",2.8,2.8, 
187,BLOSSOMS @ WOODLEIGH,"BLOSSOMS @ WOODLEIGH, Singapore",1.4,1.4,
188,BLU CORAL,"BLU CORAL, Singapore",1.4,1.4,
189,BLUE HORIZON,"BLUE HORIZON, Singapore",2.8,2.8, 
190,BLUWATERS 2,"BLUWATERS 2, Singapore",1.4,1.4,"4,496.1 sqm"
191,BOATHOUSE RESIDENCES,"BOATHOUSE RESIDENCES, Singapore",3.0,3.0,"13,000.3 sqm"
192,BOON COURT,"BOON COURT, Singapore",1.4,1.4,"2,090.2 sqm"
193,BOON TECK APARTMENTS,"BOON TECK APARTMENTS, Singapore",1.4,1.4,
194,BOON TECK LODGE,"BOON TECK LODGE, Singapore",2.8,2.8, 
195,BOON TECK TOWER,"BOON TECK TOWER, Singapore",2.8,2.8, 
196,BOONVIEW,"BOONVIEW, Singapore",2.1,2.1, 
197,BOTANIC GARDENS MANSION,"BOTANIC GARDENS MANSION, Singapore",1.4,1.4, 
198,BOTANIC GARDENS VIEW,"BOTANIC GARDENS VIEW, Singapore",1.4,1.4, 
199,BOTANIKA,"BOTANIKA, Singapore",1.4,1.4,
201,BOTANNIA,"BOTANNIA, Singapore",3.0,3.0,
202,BOUGAINVILLA APARTMENTS,"BOUGAINVILLA APARTMENTS, Singapore",2.8,2.8, 
203,BOULEVARD VUE,"BOULEVARD VUE, Singapore",2.8,2.8, 
211,BUCKLEY 18,"BUCKLEY 18, Singapore",1.4,1.4,
212,BUCKLEY RESIDENCE,"BUCKLEY RESIDENCE, Singapore",1.4,1.4, 
213,BUKIT REGENCY,"BUKIT REGENCY, Singapore",1.4,1.4, 
215,BULLION PARK,"BULLION PARK, Singapore",2.8,2.8,
216,BUONA LODGE,"BUONA LODGE, Singapore",1.4,1.4, 
219,BUTTERWORTH VIEW,"BUTTERWORTH VIEW, Singapore",2.8,2.8, 
221,CAIRNHILL ASTORIA,"CAIRNHILL ASTORIA, Singapore",2.8,2.8, 
222,CAIRNHILL CREST,"CAIRNHILL CREST, Singapore",2.8,2.8, 
224,CAIRNHILL PLAZA,"CAIRNHILL PLAZA, Singapore",2.8,2.8, 
225,CAIRNHILL RESIDENCES,"CAIRNHILL RESIDENCES, Singapore",2.8,2.8, 
226,CALARASI,"CALARASI, Singapore",2.8,2.8, 
227,CALIN MANSIONS,"CALIN MANSIONS, Singapore",2.8,2.8, 
228,CALLIDORA VILLE,"CALLIDORA VILLE, Singapore",1.4,1.4, 
229,CAMBIO SUITES,"CAMBIO SUITES, Singapore",1.4,1.4,"2,664.1 sqm"
235,CANBERRA RESIDENCES,"CANBERRA RESIDENCES, Singapore",1.4,1.4, 
236,CANDEVILLE,"CANDEVILLE, Singapore",1.4,1.4, 
241,CAPE ROYALE,"CAPE ROYALE, Singapore",2.8,2.8,
242,CARABELLE,"CARABELLE, Singapore",2.8,2.8,
243,CARDIFF RESIDENCE,"CARDIFF RESIDENCE, Singapore",1.4,1.4,"5,860.2 sqm"
245,CARISSA PARK CONDOMINIUM,"CARISSA PARK CONDOMINIUM, Singapore",1.4,1.4, 
249,CARMI MANSIONS,"CARMI MANSIONS, Singapore",2.8,2.8, 
251,CASA AERATA,"CASA AERATA, Singapore",1.4,1.4,
252,CASA AL MARE,"CASA AL MARE, Singapore",1.4,1.4,"2,466.8 sqm"
254,CASA CAIRNHILL,"CASA CAIRNHILL, Singapore",2.8,2.8, 
255,CASA CAMBIO,"CASA CAMBIO, Singapore",1.4,1.4, 
257,CASA EMERALD,"CASA EMERALD, Singapore",2.8,2.8,
258,CASA ESPANIA,"CASA ESPANIA, Singapore",1.4,1.4, 
259,CASA ESPERANZA,"CASA ESPERANZA, Singapore",2.07,2.1, 
263,CASA FORTUNA,"CASA FORTUNA, Singapore",2.8,2.8,"2,568.4 sqm"
264,CASA IRRAWADDY,"CASA IRRAWADDY, Singapore",2.8,2.8, 
265,CASA JERVOIS,"CASA JERVOIS, Singapore",1.4,1.4, 
266,CASA MELWANI,"CASA MELWANI, Singapore",2.8,2.8, 
268,CASA MEYA,"CASA MEYA, Singapore",2.1,2.1, 
269,CASA NOVACREST,"CASA NOVACREST, Singapore",1.4,1.4,
270,CASA PASIR RIS,"CASA PASIR RIS, Singapore",1.4,1.4,
272,CASA ROSA,"CASA ROSA, Singapore",1.4,1.4, 
273,CASA SARINA,"CASA SARINA, Singapore",1.4,1.4, 
276,CASABLANCA,"CASABLANCA, Singapore",1.4,1.4,
277,CASAFINA,"CASAFINA, Singapore",1.4,1.4, 
278,CASCADALE,"CASCADALE, Singapore",2.8,2.8,
279,CASCATA,"CASCATA, Singapore",1.4,1.4,
281,CASHEW PARK CONDOMINIUM,"CASHEW PARK CONDOMINIUM, Singapore",1.4,1.4, 
282,CASPIAN,"CASPIAN, Singapore",3.0,3.0, 
283,CASSIA EDGE,"CASSIA EDGE, Singapore",1.4,1.4,
285,CASTLE GREEN,"CASTLE GREEN, Singapore",2.1,2.1, 
286,CASTLE LOFT,"CASTLE LOFT, Singapore",1.4,1.4, 
288,CAVENAGH COURT,"CAVENAGH COURT, Singapore",2.1,2.1, 
289,CAVENAGH GARDENS,"CAVENAGH GARDENS, Singapore",2.1,2.1, 
290,CAVENAGH HOUSE,"CAVENAGH HOUSE, Singapore",2.1,2.1,
291,CAVENAGH LODGE,"CAVENAGH LODGE, Singapore",2.1,2.1, 
292,CAVENDISH PARK,"CAVENDISH PARK, Singapore",2.1,2.1, 
295,CENTRA HEIGHTS,"CENTRA HEIGHTS, Singapore",2.8,2.8, 
300,CENTRAL GREEN CONDOMINIUM,"CENTRAL GREEN CONDOMINIUM, Singapore",2.5,2.8, 
301,CENTRAL GROVE,"CENTRAL GROVE, Singapore",3.0,3.0, 
302,CENTRAL IMPERIAL,"CENTRAL IMPERIAL, Singapore",2.8,2.8, 
303,CENTRAL MEADOWS,"CENTRAL MEADOWS, Singapore",2.8,2.8,"209,370 sqm"
304,CENTRAL VIEW,"CENTRAL VIEW, Singapore",2.8,2.8,"209,370 sqm"
311,CHANCERY ESQUIRE,"CHANCERY ESQUIRE, Singapore",1.4,1.4, 
313,CHANGI COURT,"CHANGI COURT, Singapore",1.6,1.6, 
315,CHANGI GREEN,"CHANGI GREEN, Singapore",1.6,1.6, 
316,CHANTILLY RISE,"CHANTILLY RISE, Singapore",2.1,2.1,
319,CHARISMA VIEW,"CHARISMA VIEW, Singapore",1.99,2.1, 
320,CHARLESTON,"CHARLESTON, Singapore",1.4,1.4,
322,CHARMING GARDEN,"CHARMING GARDEN, Singapore",2.8,2.8,
323,CHATEAU LE FAME,"CHATEAU LE FAME, Singapore",1.6,1.6, 
324,CHELSEA GARDENS,"CHELSEA GARDENS, Singapore",2.8,2.8,
326,CHEN FANG MANSIONS,"CHEN FANG MANSIONS, Singapore",2.8,2.8, 
327,CHERRY GARDENS,"CHERRY GARDENS, Singapore",1.4,1.4, 
329,CHESTERVALE,"CHESTERVALE, Singapore",2.8,2.8, 
332,CHIVERTON,"CHIVERTON, Singapore",2.1,2.1, 
334,CHOON KIM HOUSE,"CHOON KIM HOUSE, Singapore",3.0,3.0,"1,392.4 sqm"
335,CHOON MOEY MANSIONS,"CHOON MOEY MANSIONS, Singapore",2.8,2.8, 
338,CHUAN PARK,"CHUAN PARK, Singapore",2.1,2.1, 
342,CITY EDGE,"CITY EDGE, Singapore",2.8,2.8, 
344,CITY LOFT,"CITY LOFT, Singapore",3.0,3.0, 
345,CITY REGENCY,"CITY REGENCY, Singapore",2.8,2.8, 
347,CITY SUITES,"CITY SUITES, Singapore",1.4,1.4,
349,CITYLIFE@TAMPINES,"CITYLIFE@TAMPINES, Singapore",2.8,2.8,"20,750.5 sqm"
352,CITYVISTA RESIDENCES,"CITYVISTA RESIDENCES, Singapore",2.8,2.8, 
353,CLAREMONT,"CLAREMONT, Singapore",2.8,2.8, 
354,CLEMENTI PARK,"CLEMENTI PARK, Singapore",1.6,1.6, 
357,CLIVEDEN AT GRANGE,"CLIVEDEN AT GRANGE, Singapore",1.6,1.6,
359,CLUNY PARK RESIDENCE,"CLUNY PARK RESIDENCE, Singapore",1.4,1.4,"4,543.6 sqm"
360,CLYDES RESIDENCE,"CLYDES RESIDENCE, Singapore",3.0,3.0, 
361,COASTAL BREEZE RESIDENCES,"COASTAL BREEZE RESIDENCES, Singapore",1.4,1.4,
362,COASTAL VIEW RESIDENCES,"COASTAL VIEW RESIDENCES, Singapore",1.4,1.4, 
364,COCO PALMS,"COCO PALMS, Singapore",2.1,2.1, 
365,COMMONWEALTH TOWERS,"COMMONWEALTH TOWERS, Singapore",3.0,3.0,
366,COMPASS HEIGHTS,"COMPASS HEIGHTS, Singapore",4.2,3.0,"27,067.3 sqm"
370,CORONATION ARCADE,"CORONATION ARCADE, Singapore",3.0,3.0, 
372,CORONATION SHOPPING PLAZA,"CORONATION SHOPPING PLAZA, Singapore",3.0,3.0, 
373,COSMO,"COSMO, Singapore",2.8,2.8, 
378,COTE D'AZUR,"COTE D'AZUR, Singapore",3.0,3.0,
379,COUNTRY ESQUIRE,"COUNTRY ESQUIRE, Singapore",2.1,2.1, 
381,COUNTRY PARK CONDO,"COUNTRY PARK CONDO, Singapore",1.4,1.4, 
382,COUNTRY PARK CONDOMINIUM,"COUNTRY PARK CONDOMINIUM, Singapore",1.4,1.4, 
383,CRADELS,"CRADELS, Singapore",2.8,2.8, 
384,CRAIG PLACE,"CRAIG PLACE, Singapore",2.8,2.8,
385,CRANE COURT,"CRANE COURT, Singapore",1.4,1.4, 
386,CRESCENDO BUILDING,"CRESCENDO BUILDING, Singapore",3.0,3.0, 
387,CRESCENDO PARK,"CRESCENDO PARK, Singapore",1.4,1.4, 
388,CROWN CENTRE,"CROWN CENTRE, Singapore",3.0,3.0, 
391,CRYSTAL DEW,"CRYSTAL DEW, Singapore",2.8,2.8, 
392,CRYSTAL HEIGHTS,"CRYSTAL HEIGHTS, Singapore",1.4,1.4,"1,035 sqm"
395,CUBE 8,"CUBE 8, Singapore",2.8,2.8, 
397,CYAN,"CYAN, Singapore",2.1,2.1, 
398,D - HERITAGE APARTMENTS,"D - HERITAGE APARTMENTS, Singapore",1.6,1.6, 
399,D' PALMA,"D' PALMA, Singapore",1.4,1.4, 
402,D'HIRO @ HILLSIDE,"D'HIRO @ HILLSIDE, Singapore",1.4,1.4, 
403,D'LEEDON,"D'LEEDON, Singapore",2.8,2.8,"78,042.5 sqm"
404,D'LOTUS,"D'LOTUS, Singapore",2.8,2.8, 
405,D'MIRA,"D'MIRA, Singapore",2.8,2.8, 
406,D'NEST,"D'NEST, Singapore",2.1,2.1, 
407,D'OASIA,"D'OASIA, Singapore",1.4,1.4, 
408,D'PAVILION,"D'PAVILION, Singapore",1.4,1.4, 
409,D'SUNRISE,"D'SUNRISE, Singapore",1.4,1.4, 
410,D'WEAVE,"D'WEAVE, Singapore",2.8,2.8, 
412,DAHLIA PARK CONDOMINIUM,"DAHLIA PARK CONDOMINIUM, Singapore",1.4,1.4, 
413,DAISY LODGE,"DAISY LODGE, Singapore",1.4,1.4, 
414,DAISY SUITES,"DAISY SUITES, Singapore",1.4,1.4,"1,265.4 sqm"
415,DAKOTA RESIDENCES,"DAKOTA RESIDENCES, Singapore",3.0,3.0, 
416,DALVEY COURT,"DALVEY COURT, Singapore",1.6,1.6, 
417,DARBY PARK,"DARBY PARK, Singapore",1.6,1.6,"3,372.63 sqm"
419,DE LENTE,"DE LENTE, Singapore",1.4,1.4, 
420,DE PARADISO,"DE PARADISO, Singapore",2.8,2.8, 
421,DE ROYALE,"DE ROYALE, Singapore",2.8,2.8, 
422,DELIGHT COURT,"DELIGHT COURT, Singapore",2.8,2.8, 
423,DENG FU VILLE,"DENG FU VILLE, Singapore",1.4,1.4, 
424,DERBYSHIRE HEIGHTS,"DERBYSHIRE HEIGHTS, Singapore",2.8,2.8, 
428,DOMAIN 21,"DOMAIN 21, Singapore",2.1,2.1, 
429,DOMUS,"DOMUS, Singapore",2.8,2.8, 
432,DORSET MANSIONS,"DORSET MANSIONS, Singapore",1.4,1.4,
433,DORSETT RESIDENCES,"DORSETT RESIDENCES, Singapore",3.0,3.0, 
434,DOVER PARKVIEW,"DOVER PARKVIEW, Singapore",2.1,2.1,"39,401.6 sqm"
435,DRAYCOTT DRIVE,"DRAYCOTT DRIVE, Singapore",2.8,2.8,
436,DRAYCOTT PARK,"DRAYCOTT PARK, Singapore",2.8,2.8,
438,DUCHESS MANOR,"DUCHESS MANOR, Singapore",1.4,1.4, 
439,DUCHESS RESIDENCES,"DUCHESS RESIDENCES, Singapore",1.4,1.4, 
441,DUCHESS ROYALE,"DUCHESS ROYALE, Singapore",1.4,1.4, 
443,DUET,"DUET, Singapore",1.6,1.6, 
448,DUNEARN LODGE,"DUNEARN LODGE, Singapore",1.4,1.4, 
449,DUNEARN SUITES,"DUNEARN SUITES, Singapore",1.4,1.4, 
450,DUNMAN PLACE,"DUNMAN PLACE, Singapore",2.8,2.8, 
452,DUNMAN VIEW,"DUNMAN VIEW, Singapore",2.8,2.8,"6,647.9 sqm"
455,E-SPACE,"E-SPACE, Singapore",1.4,1.4,
458,EAST BAY GARDENS,"EAST BAY GARDENS, Singapore",3.0,3.0,
465,EAST MEADOWS,"EAST MEADOWS, Singapore",2.8,2.8, 
467,EAST PALM,"EAST PALM, Singapore",1.6,1.6,
468,EAST SHINE,"EAST SHINE, Singapore",1.4,1.4, 
469,EAST TREASURE,"EAST TREASURE, Singapore",1.4,1.4, 
471,EAST VIEW 18,"EAST VIEW 18, Singapore",1.4,1.4, 
475,EASTERN LAGOON,"EASTERN LAGOON, Singapore",1.4,1.4, 
477,EASTPAC BUILDING,"EASTPAC BUILDING, Singapore",3.0,3.0, 
478,EASTPOINT GREEN,"EASTPOINT GREEN, Singapore",2.8,2.8,
484,EASTWOOD LODGE,"EASTWOOD LODGE, Singapore",1.4,1.4, 
485,EASTWOOD REGENCY,"EASTWOOD REGENCY, Singapore",1.4,1.4, 
488,ECHELON,"ECHELON, Singapore",4.9,3.0,"9,952.6 sqm"
489,ECO,"ECO, Singapore",2.1,2.1,"28,692.65 sqm"
491,ECOPOLITAN,"ECOPOLITAN, Singapore",3.0,3.0,"18,747.8 sqm"
493,EDELWEISS PARK CONDOMINIUM,"EDELWEISS PARK CONDOMINIUM, Singapore",1.4,1.4,
494,EDEN CREST,"EDEN CREST, Singapore",1.4,1.4, 
496,EDEN VIEW,"EDEN VIEW, Singapore",1.4,1.4,"1,117.6 sqm"
498,EDENZ SUITES,"EDENZ SUITES, Singapore",2.8,2.8, 
499,EIGHT COURTYARDS,"EIGHT COURTYARDS, Singapore",1.4,1.4,
502,ELIAS GREEN,"ELIAS GREEN, Singapore",1.4,1.4, 
503,ELIZABETH HEIGHTS,"ELIZABETH HEIGHTS, Singapore",2.8,2.8, 
507,EMERALD PARK,"EMERALD PARK, Singapore",2.0,2.1, 
508,EMERY POINT,"EMERY POINT, Singapore",2.8,2.8, 
515,EQUATORIAL APARTMENTS,"EQUATORIAL APARTMENTS, Singapore",2.1,2.1, 
518,ESPADA,"ESPADA, Singapore",2.8,2.8, 
522,ESPIRA SPRING,"ESPIRA SPRING, Singapore",1.4,1.4, 
523,ESTA RUBY,"ESTA RUBY, Singapore",2.8,2.8, 
524,ESTELLA GARDENS,"ESTELLA GARDENS, Singapore",1.4,1.4,
527,ESTIQUE,"ESTIQUE, Singapore",1.4,1.4, 
529,EUHABITAT,"EUHABITAT, Singapore",1.4,1.4,"41,261.2 sqm"
530,EUNOS GREEN,"EUNOS GREEN, Singapore",1.4,1.4,
531,EUNOS PARK,"EUNOS PARK, Singapore",1.4,1.4, 
533,EURO-ASIA COURT,"EURO-ASIA COURT, Singapore",1.4,1.4,
535,EVANIA,"EVANIA, Singapore",1.4,1.4, 
536,EVELYN MANSIONS,"EVELYN MANSIONS, Singapore",1.6,1.6, 
538,EVERGREEN PARK,"EVERGREEN PARK, Singapore",1.4,1.4,
539,EVERGREEN RESIDENCES,"EVERGREEN RESIDENCES, Singapore",2.8,2.8, 
541,EVERITT EDGE,"EVERITT EDGE, Singapore",3.0,3.0,
543,EWE BOON REGENT,"EWE BOON REGENT, Singapore",1.6,1.6, 
545,FABER GARDEN CONDOMINIUM,"FABER GARDEN CONDOMINIUM, Singapore",1.6,1.6, 
546,FAIRLODGE,"FAIRLODGE, Singapore",1.4,1.4, 
549,FAR HORIZON GARDENS,"FAR HORIZON GARDENS, Singapore",1.4,1.4,
550,FARRER PARK SUITES,"FARRER PARK SUITES, Singapore",2.1,2.1,
551,FENARA COURT,"FENARA COURT, Singapore",1.4,1.4, 
553,FERNHILL COTTAGE,"FERNHILL COTTAGE, Singapore",1.4,1.4,
556,FERNWOOD TOWERS,"FERNWOOD TOWERS, Singapore",4.9,3.0,
557,FERRA,"FERRA, Singapore",2.1,2.1,
559,FERRELL RESIDENCES,"FERRELL RESIDENCES, Singapore",2.1,2.1, 
560,FIFTEEN ROBIN,"FIFTEEN ROBIN, Singapore",3.0,3.0,
561,FIFTH AVENUE CONDOMINIUM,"FIFTH AVENUE CONDOMINIUM, Singapore",1.62,1.6, 
562,FIFTY-TWO STEVENS,"FIFTY-TWO STEVENS, Singapore",1.4,1.4, 
564,FIORENZA,"FIORENZA, Singapore",1.4,1.4, 
566,FLAME TREE PARK,"FLAME TREE PARK, Singapore",2.1,2.1, 
567,FLAMINGO VALLEY,"FLAMINGO VALLEY, Singapore",1.4,1.4,"31,161.1 sqm"
568,FLO RESIDENCE,"FLO RESIDENCE, Singapore",3.0,3.0,"14,344 sqm"
569,FLORA EAST,"FLORA EAST, Singapore",2.8,2.8,
572,FLORIDIAN,"FLORIDIAN, Singapore",2.07,2.1, 
573,FONTAINE PARRY,"FONTAINE PARRY, Singapore",1.4,1.4,
575,FORESQUE RESIDENCES,"FORESQUE RESIDENCES, Singapore",2.1,2.1,"22,744.1 sqm"
576,FOREST HILLS CONDOMINIUM,"FOREST HILLS CONDOMINIUM, Singapore",1.4,1.4, 
577,FOREST WOODS,"FOREST WOODS, Singapore",3.0,3.0,"14,001.5 sqm"
578,FORESTVILLE,"FORESTVILLE, Singapore",2.8,2.8,"25,800 sqm"
580,FORTE SUITES,"FORTE SUITES, Singapore",3.0,3.0,"2,051.6 sqm"
582,FORTUNE PARK,"FORTUNE PARK, Singapore",1.4,1.4,
585,FOUR SEASONS PARK,"FOUR SEASONS PARK, Singapore",2.8,2.8,"27,844 sqm"
586,FRAGRANCE COURT,"FRAGRANCE COURT, Singapore",1.4,1.4, 
590,FRUITION,"FRUITION, Singapore",1.4,1.4, 
591,FULCRUM,"FULCRUM, Singapore",2.1,2.1,"4,448.8 sqm"
592,G RESIDENCES,"G RESIDENCES, Singapore",1.4,1.4, 
593,GAIA,"GAIA, Singapore",2.8,2.8, 
594,GALAXY TOWERS,"GALAXY TOWERS, Singapore",1.4,1.4, 
595,GALLERY 8,"GALLERY 8, Singapore",1.4,1.4, 
596,GALLERY FIFTEEN,"GALLERY FIFTEEN, Singapore",1.4,1.4,
598,GALLOP GABLES,"GALLOP GABLES, Singapore",1.4,1.4, 
601,GAMBIR RIDGE,"GAMBIR RIDGE, Singapore",1.4,1.4, 
602,GARDEN APARTMENT,"GARDEN APARTMENT, Singapore",2.8,2.8,
603,GARDEN PARK RESIDENCES,"GARDEN PARK RESIDENCES, Singapore",1.4,1.4,
604,GARDENVILLE,"GARDENVILLE, Singapore",1.6,1.6,
606,GEM RESIDENCES,"GEM RESIDENCES, Singapore",3.0,3.0, 
613,GILSTEAD 38,"GILSTEAD 38, Singapore",2.8,2.8,
614,GILSTEAD COURT,"GILSTEAD COURT, Singapore",1.4,1.4, 
616,GILSTEAD TWO,"GILSTEAD TWO, Singapore",2.8,2.8, 
617,GISBORNE LIGHT,"GISBORNE LIGHT, Singapore",1.6,1.6, 
618,GLAMOUR VILLE,"GLAMOUR VILLE, Singapore",1.6,1.6,
622,GLOBAL VILLE,"GLOBAL VILLE, Singapore",2.8,2.8, 
623,GLORIA MANSION,"GLORIA MANSION, Singapore",2.8,2.8,
624,GLOUCESTER MANSIONS,"GLOUCESTER MANSIONS, Singapore",2.8,2.8, 
628,GOLDEN HEIGHTS,"GOLDEN HEIGHTS, Singapore",1.4,1.4,
629,GOLDENHILL PARK CONDOMINIUM,"GOLDENHILL PARK CONDOMINIUM, Singapore",2.1,2.1,276.12 sqm
632,GOODWILL COURT,"GOODWILL COURT, Singapore",3.0,3.0, 
633,GOODWOOD GARDENS,"GOODWOOD GARDENS, Singapore",1.6,1.6, 
634,GOODWOOD GRAND,"GOODWOOD GRAND, Singapore",1.6,1.6,"5,295.9 sqm"
636,GRACE APARTMENTS,"GRACE APARTMENTS, Singapore",1.4,1.4, 
637,GRACIOUS MANSIONS,"GRACIOUS MANSIONS, Singapore",1.4,1.4,"15,462.9 sqm"
638,GRAMERCY PARK,"GRAMERCY PARK, Singapore",2.1,2.1,84 sqm
639,GRAND CHATEAU,"GRAND CHATEAU, Singapore",3.0,3.0,
640,GRAND REGALIA,"GRAND REGALIA, Singapore",2.07,2.1,
641,GRAND REGENCY,"GRAND REGENCY, Singapore",1.99,2.1, 
643,GRANDE VISTA,"GRANDE VISTA, Singapore",1.4,1.4, 
644,GRANDEUR 8,"GRANDEUR 8, Singapore",3.0,3.0,"20,000 sqm"
645,GRANDEUR PARK RESIDENCES,"GRANDEUR PARK RESIDENCES, Singapore",2.1,2.1,"24,394 sqm"
646,GRANGE 1866,"GRANGE 1866, Singapore",2.1,2.1,"1,888.3 sqm"
647,GRANGE HEIGHTS,"GRANGE HEIGHTS, Singapore",3.0,3.0,
648,GRANGE INFINITE,"GRANGE INFINITE, Singapore",2.8,2.8, 
649,GRANGE RESIDENCES,"GRANGE RESIDENCES, Singapore",2.8,2.8, 
650,GRAY LANE,"GRAY LANE, Singapore",2.1,2.1,
651,GRAY MANSIONS,"GRAY MANSIONS, Singapore",1.4,1.4, 
653,GREEN PARK,"GREEN PARK, Singapore",3.0,3.0,-
655,GROSVENOR VIEW,"GROSVENOR VIEW, Singapore",2.1,2.1, 
657,GUILIN MANSIONS,"GUILIN MANSIONS, Singapore",2.8,2.8, 
658,GUILIN VIEW,"GUILIN VIEW, Singapore",1.4,1.4,
659,GUILLEMARD APARTMENTS,"GUILLEMARD APARTMENTS, Singapore",2.8,2.8, 
660,GUILLEMARD EDGE,"GUILLEMARD EDGE, Singapore",1.4,1.4,
661,GUILLEMARD SUITES,"GUILLEMARD SUITES, Singapore",1.4,1.4, 
663,H2O RESIDENCES,"H2O RESIDENCES, Singapore",3.0,3.0,0 sqm
664,HAIG 162,"HAIG 162, Singapore",2.8,2.8, 
670,HAIG TEN,"HAIG TEN, Singapore",1.4,1.4, 
671,HALLMARK RESIDENCES,"HALLMARK RESIDENCES, Singapore",1.6,1.6,"5,906 sqm"
674,HARBOUR SUITES,"HARBOUR SUITES, Singapore",2.1,2.1, 
675,HARBOUR VIEW GARDENS,"HARBOUR VIEW GARDENS, Singapore",3.0,3.0,
677,HARBOURLIGHTS,"HARBOURLIGHTS, Singapore",1.9,2.1, 
679,HAWAII TOWER,"HAWAII TOWER, Singapore",2.8,2.8, 
680,HEDGES PARK CONDOMINIUM,"HEDGES PARK CONDOMINIUM, Singapore",1.4,1.4, 
682,HERITAGE APARTMENTS,"HERITAGE APARTMENTS, Singapore",1.6,1.6, 
685,HERITAGE VIEW,"HERITAGE VIEW, Singapore",1.4,1.4,
687,HERTFORD COLLECTION,"HERTFORD COLLECTION, Singapore",1.4,1.4, 
690,HIGH PARK RESIDENCES,"HIGH PARK RESIDENCES, Singapore",3.0,3.0,"34,017.8 sqm"
691,HIGH POINT,"HIGH POINT, Singapore",2.8,2.8, 
692,HIGHGATE,"HIGHGATE, Singapore",1.4,1.4, 
693,HIGHLAND CENTRE,"HIGHLAND CENTRE, Singapore",3.0,3.0, 
695,HIGHLINE RESIDENCES,"HIGHLINE RESIDENCES, Singapore",4.0,3.0,"10,990.6 sqm"
698,HILLBROOKS,"HILLBROOKS, Singapore",1.92,2.1, 
699,HILLCREST ARCADIA,"HILLCREST ARCADIA, Singapore",1.6,1.6, 
701,HILLS TWOONE,"HILLS TWOONE, Singapore",1.92,2.1,"2,617.5 sqm"
702,HILLSIDE MANSIONS,"HILLSIDE MANSIONS, Singapore",1.4,1.4, 
704,HILLTOP GROVE,"HILLTOP GROVE, Singapore",1.92,2.1, 
705,HILLTOPS,"HILLTOPS, Singapore",3.0,3.0,
706,HILLVIEW 128,"HILLVIEW 128, Singapore",1.92,2.1, 
707,HILLVIEW APARTMENTS,"HILLVIEW APARTMENTS, Singapore",1.92,2.1, 
708,HILLVIEW AVENUE,"HILLVIEW AVENUE, Singapore",1.6,1.6,
709,HILLVIEW GREEN,"HILLVIEW GREEN, Singapore",1.4,1.4,
710,HILLVIEW REGENCY,"HILLVIEW REGENCY, Singapore",2.8,2.8, 
711,HILLVIEW RESIDENCE,"HILLVIEW RESIDENCE, Singapore",1.92,2.1, 
712,HILLVISTA,"HILLVISTA, Singapore",1.92,2.1, 
714,HOLLAND 100,"HOLLAND 100, Singapore",1.4,1.4,
715,HOLLAND COURT,"HOLLAND COURT, Singapore",1.4,1.4, 
716,HOLLAND GEMS,"HOLLAND GEMS, Singapore",3.0,3.0,
717,HOLLAND HILL LODGE,"HOLLAND HILL LODGE, Singapore",1.6,1.6, 
718,HOLLAND HILL PARK,"HOLLAND HILL PARK, Singapore",1.6,1.6, 
719,HOLLAND MANSION,"HOLLAND MANSION, Singapore",1.4,1.4, 
721,HOLLAND PEAK,"HOLLAND PEAK, Singapore",1.6,1.6, 
725,HOLLANDSWOOD COURT,"HOLLANDSWOOD COURT, Singapore",1.4,1.4, 
727,HOLT RESIDENCES,"HOLT RESIDENCES, Singapore",3.0,3.0,
729,HONG BUILDING,"HONG BUILDING, Singapore",3.0,3.0, 
731,HONG HENG MANSIONS,"HONG HENG MANSIONS, Singapore",1.4,1.4, 
732,HONOLULU TOWER,"HONOLULU TOWER, Singapore",2.1,2.1,"6,919.5 sqm"
734,HORIZON GARDENS,"HORIZON GARDENS, Singapore",1.4,1.4, 
735,HORIZON RESIDENCES,"HORIZON RESIDENCES, Singapore",1.4,1.4, 
736,HORIZON TOWERS,"HORIZON TOWERS, Singapore",2.8,2.8, 
740,HUA YU MANSION,"HUA YU MANSION, Singapore",2.8,2.8,
741,HULLET RISE,"HULLET RISE, Singapore",2.8,2.8, 
742,HUNDRED TREES,"HUNDRED TREES, Singapore",2.8,2.8,
743,ICON,"ICON, Singapore",1.4,1.4,
744,IDYLLIC EAST,"IDYLLIC EAST, Singapore",1.4,1.4, 
746,IDYLLIC SUITES,"IDYLLIC SUITES, Singapore",2.8,2.8, 
750,INTERO,"INTERO, Singapore",2.1,2.1, 
751,INZ RESIDENCE,"INZ RESIDENCE, Singapore",3.0,3.0,"16,386.1 sqm"
753,IRIDIUM,"IRIDIUM, Singapore",2.8,2.8, 
757,IVORY,"IVORY, Singapore",1.4,1.4, 
759,IVORY HEIGHTS,"IVORY HEIGHTS, Singapore",1.6,1.6, 
760,J C DRAYCOTT,"J C DRAYCOTT, Singapore",2.8,2.8, 
762,JADE GARDEN,"JADE GARDEN, Singapore",1.4,1.4, 
763,JADE MANSION,"JADE MANSION, Singapore",1.4,1.4, 
764,JADE RESIDENCES,"JADE RESIDENCES, Singapore",1.4,1.4,"8,585.4 sqm"
765,JADESCAPE,"JADESCAPE, Singapore",1.4,1.4,
766,JALAN DATOH,"JALAN DATOH, Singapore",3.0,3.0,
767,JALAN DUSUN,"JALAN DUSUN, Singapore",1.4,1.4,
768,JANSEN 28,"JANSEN 28, Singapore",1.4,1.4,
773,JC VILLE,"JC VILLE, Singapore",1.4,1.4, 
776,JERVOIS GROVE,"JERVOIS GROVE, Singapore",1.4,1.4, 
778,JERVOIS MANSIONS,"JERVOIS MANSIONS, Singapore",1.4,1.4,"8,656.9 sqm"
782,JEWEL @ BUANGKOK,"JEWEL @ BUANGKOK, Singapore",3.0,3.0,"18,340.7 sqm"
784,JING SUITES,"JING SUITES, Singapore",3.0,3.0, 
786,JLB RESIDENCES,"JLB RESIDENCES, Singapore",1.4,1.4, 
787,JOO CHIAT APARTMENTS,"JOO CHIAT APARTMENTS, Singapore",1.4,1.4, 
791,JOOL SUITES,"JOOL SUITES, Singapore",1.4,1.4, 
792,JUBILEE RESIDENCE,"JUBILEE RESIDENCE, Singapore",1.4,1.4, 
793,JUNIPER AT ARDMORE,"JUNIPER AT ARDMORE, Singapore",1.92,2.1,
794,JUPITER 18,"JUPITER 18, Singapore",1.4,1.4, 
795,K GARDEN,"K GARDEN, Singapore",2.8,2.8,"59,129.45 sqm"
799,KANDIS RESIDENCE,"KANDIS RESIDENCE, Singapore",1.4,1.4,"7,045.6 sqm"
801,KAP RESIDENCES,"KAP RESIDENCES, Singapore",3.0,3.0,"5,534.8 sqm"
802,KARTAR APARTMENTS,"KARTAR APARTMENTS, Singapore",2.8,2.8, 
807,KATONG REGENCY,"KATONG REGENCY, Singapore",2.8,2.8,
808,KATONG VILLE,"KATONG VILLE, Singapore",1.4,1.4, 
809,KELIVILLE,"KELIVILLE, Singapore",1.92,2.1,
811,KEMBANGAN COURT,"KEMBANGAN COURT, Singapore",3.0,3.0, 
813,KEMBANGAN SUITES,"KEMBANGAN SUITES, Singapore",3.0,3.0, 
818,KENSINGTON SQUARE,"KENSINGTON SQUARE, Singapore",1.4,1.4, 
819,KENT RESIDENCES,"KENT RESIDENCES, Singapore",1.4,1.4,"29,659.1 sqm"
820,KENT VALE,"KENT VALE, Singapore",1.4,1.4,
822,KENTISH GREEN,"KENTISH GREEN, Singapore",3.0,3.0, 
823,KENTISH LODGE,"KENTISH LODGE, Singapore",3.0,3.0, 
824,KENTVIEW PARK,"KENTVIEW PARK, Singapore",1.4,1.4,
825,KERRISDALE,"KERRISDALE, Singapore",3.0,3.0, 
831,KIM KEAT GARDENS,"KIM KEAT GARDENS, Singapore",2.8,2.8, 
832,KIM KEAT HOUSE,"KIM KEAT HOUSE, Singapore",3.0,3.0, 
833,KIM KEAT LODGE,"KIM KEAT LODGE, Singapore",2.8,2.8, 
838,KING'S COURT,"KING'S COURT, Singapore",2.8,2.8, 
839,KING'S MANSION,"KING'S MANSION, Singapore",2.8,2.8,"16,419.4 sqm"
842,KINGSFORD WATERBAY,"KINGSFORD WATERBAY, Singapore",2.8,2.8,
843,KINGSGROVE,"KINGSGROVE, Singapore",1.4,1.4,276.12 sqm
844,KINGSLEY MANSIONS,"KINGSLEY MANSIONS, Singapore",2.8,2.8, 
846,KISMIS COURT,"KISMIS COURT, Singapore",1.4,1.4, 
847,KISMIS VIEW,"KISMIS VIEW, Singapore",1.4,1.4,"9,321.6 sqm"
848,KJ MANSION,"KJ MANSION, Singapore",1.4,1.4, 
850,KNOX VIEW,"KNOX VIEW, Singapore",2.8,2.8,
853,KOVAN 81,"KOVAN 81, Singapore",1.4,1.4, 
854,KOVAN APARTMENTS,"KOVAN APARTMENTS, Singapore",1.4,1.4, 
855,KOVAN CENTRE,"KOVAN CENTRE, Singapore",1.4,1.4,
856,KOVAN CREST,"KOVAN CREST, Singapore",1.4,1.4,
857,KOVAN ESQUIRE,"KOVAN ESQUIRE, Singapore",1.4,1.4, 
859,KOVAN MELODY,"KOVAN MELODY, Singapore",3.0,3.0,180 sqm
860,KOVAN PRIMERA,"KOVAN PRIMERA, Singapore",1.4,1.4, 
861,KOVAN REGENCY,"KOVAN REGENCY, Singapore",2.1,2.1,"16,944.1 sqm"
862,KOVAN RESIDENCES,"KOVAN RESIDENCES, Singapore",1.4,1.4,
863,KOVANA,"KOVANA, Singapore",1.4,1.4, 
864,KUIE PONG LOFT,"KUIE PONG LOFT, Singapore",1.4,1.4, 
865,KUM HING COURT,"KUM HING COURT, Singapore",2.8,2.8, 
867,L'VIV,"L'VIV, Singapore",2.8,2.8, 
868,LA BRISA,"LA BRISA, Singapore",1.4,1.4,
869,LA CASA,"LA CASA, Singapore",2.8,2.8, 
870,LA CRYSTAL,"LA CRYSTAL, Singapore",2.8,2.8, 
871,LA DOLCE VITA,"LA DOLCE VITA, Singapore",1.4,1.4, 
872,LA FIESTA,"LA FIESTA, Singapore",1.4,1.4,
873,LA FLEUR,"LA FLEUR, Singapore",2.8,2.8, 
874,LA MAISON,"LA MAISON, Singapore",2.8,2.8, 
876,LA NOUVELLE,"LA NOUVELLE, Singapore",3.0,3.0,
879,LAGUNA 88,"LAGUNA 88, Singapore",1.4,1.4, 
880,LAGUNA GREEN,"LAGUNA GREEN, Singapore",1.4,1.4, 
881,LAKE GRANDE,"LAKE GRANDE, Singapore",2.8,2.8,0 sqm
882,LAKE LIFE,"LAKE LIFE, Singapore",3.0,3.0,"20,187.7 sqm"
883,LAKEHOLMZ,"LAKEHOLMZ, Singapore",3.0,3.0, 
884,LAKEPOINT CONDOMINIUM,"LAKEPOINT CONDOMINIUM, Singapore",1.4,1.4, 
885,LAKEVILLE,"LAKEVILLE, Singapore",2.8,2.8,0 sqm
887,LANDRIDGE CONDOMINIUM,"LANDRIDGE CONDOMINIUM, Singapore",1.4,1.4, 
888,LANGSTON VILLE,"LANGSTON VILLE, Singapore",2.8,2.8, 
889,LATITUDE,"LATITUDE, Singapore",3.0,3.0,
891,LAVERNE'S LOFT,"LAVERNE'S LOFT, Singapore",1.4,1.4, 
892,LE ARC,"LE ARC, Singapore",2.8,2.8, 
895,LE CRESCENDO,"LE CRESCENDO, Singapore",2.1,2.1, 
896,LE GAMBIR,"LE GAMBIR, Singapore",1.4,1.4, 
897,LE HILL CONDOMINIUM,"LE HILL CONDOMINIUM, Singapore",1.4,1.4, 
898,LE LOYANG,"LE LOYANG, Singapore",1.4,1.4, 
899,LE M RESIDENCE,"LE M RESIDENCE, Singapore",2.8,2.8,
900,LE MARICAN,"LE MARICAN, Singapore",1.4,1.4, 
902,LE QUEST,"LE QUEST, Singapore",3.0,3.0,"14,696.7 sqm"
903,LE REGAL,"LE REGAL, Singapore",3.0,3.0, 
905,LE SHANTIER,"LE SHANTIER, Singapore",3.0,3.0, 
906,LE SOMME,"LE SOMME, Singapore",3.0,3.0, 
907,LEEDON 2,"LEEDON 2, Singapore",1.4,1.4, 
908,LEEDON HEIGHTS,"LEEDON HEIGHTS, Singapore",3.0,3.0,
909,LEEDON RESIDENCE,"LEEDON RESIDENCE, Singapore",1.6,1.6,"48,525.3 sqm"
911,LEICESTER LODGE,"LEICESTER LODGE, Singapore",2.1,2.1, 
912,LEICESTER SUITES,"LEICESTER SUITES, Singapore",2.1,2.1, 
913,LEIGHWOODS,"LEIGHWOODS, Singapore",2.8,2.8,
915,LEONIE CONDOTEL,"LEONIE CONDOTEL, Singapore",3.0,3.0,
916,LEONIE GARDENS,"LEONIE GARDENS, Singapore",3.0,3.0,
917,LEONIE HILL RESIDENCES,"LEONIE HILL RESIDENCES, Singapore",2.8,2.8, 
925,LILYDALE,"LILYDALE, Singapore",2.8,2.8, 
927,LINCOLN SUITES,"LINCOLN SUITES, Singapore",2.8,2.8, 
928,LION TOWERS,"LION TOWERS, Singapore",2.8,2.8,
931,LLOYD COURT,"LLOYD COURT, Singapore",1.4,1.4, 
933,LLOYD SIXTYFIVE,"LLOYD SIXTYFIVE, Singapore",2.8,2.8,
934,LOFT 33,"LOFT 33, Singapore",2.8,2.8,752.1 sqm
937,LOFT @ STEVENS,"LOFT @ STEVENS, Singapore",1.4,1.4, 
938,LOFT@HOLLAND,"LOFT@HOLLAND, Singapore",1.4,1.4, 
939,LORONG 31 GEYLANG,"LORONG 31 GEYLANG, Singapore",1.4,1.4,
940,LOYANG GARDENS,"LOYANG GARDENS, Singapore",1.4,1.4, 
941,LUCIDA,"LUCIDA, Singapore",2.8,2.8, 
942,LUMA,"LUMA, Singapore",2.8,2.8, 
943,LUSH ACRES,"LUSH ACRES, Singapore",3.0,3.0,"14,100.8 sqm"
944,LUSH ON HOLLAND HILL,"LUSH ON HOLLAND HILL, Singapore",1.6,1.6, 
945,LUTHERAN TOWERS,"LUTHERAN TOWERS, Singapore",2.1,2.1, 
946,LUXE VILLE,"LUXE VILLE, Singapore",1.4,1.4,
947,M SUITES,"M SUITES, Singapore",1.4,1.4,"1,180.2 sqm"
948,M21,"M21, Singapore",2.8,2.8, 
949,MABELLE,"MABELLE, Singapore",1.4,1.4,
950,MACPHERSON GREEN,"MACPHERSON GREEN, Singapore",2.1,2.1,"6,622.4 sqm"
951,MADEIRA COURT,"MADEIRA COURT, Singapore",1.4,1.4, 
952,MADISON RESIDENCES,"MADISON RESIDENCES, Singapore",2.1,2.1, 
953,MALVERN SPRINGS,"MALVERN SPRINGS, Singapore",1.4,1.4, 
954,MANDALAY MANSION,"MANDALAY MANSION, Singapore",2.8,2.8, 
955,MANDALAY TOWERS,"MANDALAY TOWERS, Singapore",2.8,2.8, 
956,MANDALE HEIGHTS,"MANDALE HEIGHTS, Singapore",2.8,2.8, 
957,MANDARIN GARDENS,"MANDARIN GARDENS, Singapore",2.8,2.8,
959,MANSIONS 28,"MANSIONS 28, Singapore",2.8,2.8, 
961,MARGARET VILLE,"MARGARET VILLE, Singapore",4.6,3.0,"4,809.8 sqm"
964,MARINE BLUE,"MARINE BLUE, Singapore",2.1,2.1,"4,755.2 sqm"
965,MARINE MANSION,"MARINE MANSION, Singapore",1.4,1.4, 
967,MARINE VIEW MANSION,"MARINE VIEW MANSION, Singapore",1.4,1.4,
968,MARINE VIEW MANSIONS,"MARINE VIEW MANSIONS, Singapore",2.1,2.1, 
969,MARINE VILLE,"MARINE VILLE, Singapore",2.8,2.8, 
971,MARTIA 8,"MARTIA 8, Singapore",2.8,2.8,
974,MARTIN PLACE RESIDENCES,"MARTIN PLACE RESIDENCES, Singapore",2.8,2.8, 
975,MARTINA MANSIONS,"MARTINA MANSIONS, Singapore",2.1,2.1, 
977,MARYMOUNT VIEW,"MARYMOUNT VIEW, Singapore",2.8,2.8,
978,MAYA,"MAYA, Singapore",1.4,1.4, 
981,MEADOWLODGE,"MEADOWLODGE, Singapore",1.4,1.4, 
982,MEADOWS @ PEIRCE,"MEADOWS @ PEIRCE, Singapore",1.4,1.4,"42,654.8 sqm"
983,MEDGE,"MEDGE, Singapore",2.8,2.8, 
986,MELOSA,"MELOSA, Singapore",2.8,2.8, 
987,MELROSE PARK,"MELROSE PARK, Singapore",2.8,2.8,
988,MELROSE VILLE,"MELROSE VILLE, Singapore",1.6,1.6,
989,MELVILLE PARK,"MELVILLE PARK, Singapore",2,2.1, 
990,MENDON SPRING,"MENDON SPRING, Singapore",1.4,1.4, 
992,MERA EAST,"MERA EAST, Singapore",3.0,3.0, 
993,MERA SPRINGS,"MERA SPRINGS, Singapore",2.8,2.8, 
995,MERAPRIME,"MERAPRIME, Singapore",1.4,1.4,
996,MERAWOODS,"MERAWOODS, Singapore",1.92,2.1, 
997,MERGUI MANSIONS,"MERGUI MANSIONS, Singapore",2.8,2.8, 
998,MERIDIAN 38,"MERIDIAN 38, Singapore",3.0,3.0,
1000,METRO LOFT,"METRO LOFT, Singapore",2.8,2.8,469.7 sqm
1001,MEYA LODGE,"MEYA LODGE, Singapore",2.1,2.1, 
1002,MEYER PARK,"MEYER PARK, Singapore",2.8,2.8, 
1003,MEYER RESIDENCE,"MEYER RESIDENCE, Singapore",2.1,2.1, 
1004,MI CASA,"MI CASA, Singapore",2.8,2.8, 
1005,MIDTOWN RESIDENCES,"MIDTOWN RESIDENCES, Singapore",3.0,3.0,"5,299.8 sqm"
1006,MILL CREEK,"MILL CREEK, Singapore",1.4,1.4, 
1007,MILL POINT,"MILL POINT, Singapore",2.8,2.8, 
1008,MINBU COURT,"MINBU COURT, Singapore",2.8,2.8, 
1009,MINBU VILLA,"MINBU VILLA, Singapore",2.8,2.8, 
1010,MINT RESIDENCES @ JANSEN,"MINT RESIDENCES @ JANSEN, Singapore",1.4,1.4, 
1011,MIRO,"MIRO, Singapore",2.8,2.8, 
1012,MODA,"MODA, Singapore",3.0,3.0,"1,686.1 sqm"
1013,MODENA,"MODENA, Singapore",1.4,1.4,
1015,MONARCHY APARTMENTS,"MONARCHY APARTMENTS, Singapore",1.4,1.4,
1017,MONTEBLEU,"MONTEBLEU, Singapore",2.8,2.8, 
1020,MONTVIEW,"MONTVIEW, Singapore",2.8,2.8,
1021,MONVILLE MANSIONS,"MONVILLE MANSIONS, Singapore",3.0,3.0, 
1025,MOULMEIN COURT,"MOULMEIN COURT, Singapore",2.8,2.8,
1027,MOUNT FABER LODGE,"MOUNT FABER LODGE, Singapore",1.6,1.6, 
1031,MULBERRY TREE,"MULBERRY TREE, Singapore",1.4,1.4,
1032,MUTIARA CREST,"MUTIARA CREST, Singapore",1.4,1.4,
1033,MUTIARA VIEW,"MUTIARA VIEW, Singapore",2.8,2.8,
1034,MY MANHATTAN,"MY MANHATTAN, Singapore",2.8,2.8,
1036,NASSIM 9,"NASSIM 9, Singapore",1.4,1.4, 
1037,NASSIM JADE,"NASSIM JADE, Singapore",1.6,1.6,
1038,NASSIM LODGE,"NASSIM LODGE, Singapore",1.4,1.4,"2,450.4 sqm"
1040,NASSIM PARK RESIDENCES,"NASSIM PARK RESIDENCES, Singapore",1.4,1.4,"23,065.1 sqm"
1042,NASSIMVILLE,"NASSIMVILLE, Singapore",2.8,2.8,
1043,NATHAN RESIDENCES,"NATHAN RESIDENCES, Singapore",2.8,2.8,0 sqm
1045,NATURA @ HILLVIEW,"NATURA @ HILLVIEW, Singapore",1.92,2.1,"5,134.5 sqm"
1046,NATURALIS,"NATURALIS, Singapore",1.4,1.4, 
1047,NATURE MANSIONS,"NATURE MANSIONS, Singapore",1.4,1.4,
1048,NAUNG RESIDENCE,"NAUNG RESIDENCE, Singapore",1.4,1.4, 
1049,NEEM TREE,"NEEM TREE, Singapore",2.8,2.8,"1,615.4 sqm"
1050,NEPTUNE COURT,"NEPTUNE COURT, Singapore",2.8,2.8, 
1051,NESS,"NESS, Singapore",2.8,2.8, 
1052,NEW COURT,"NEW COURT, Singapore",2.8,2.8, 
1054,NEWEST,"NEWEST, Singapore",1.6,1.6,"15,297.9 sqm"
1056,NEWTON EDGE,"NEWTON EDGE, Singapore",2.1,2.1, 
1057,NEWTON GEMS,"NEWTON GEMS, Singapore",2.8,2.8, 
1058,NEWTON IMPERIAL,"NEWTON IMPERIAL, Singapore",2.8,2.8, 
1061,NEWTON ONE,"NEWTON ONE, Singapore",2.8,2.8, 
1062,NEWTON SUITES,"NEWTON SUITES, Singapore",2.8,2.8, 
1063,NICOLE GREEN,"NICOLE GREEN, Singapore",1.4,1.4,
1066,NINE DEGREES,"NINE DEGREES, Singapore",1.4,1.4,"1,173.7 sqm"
1072,NORTH PARK RESIDENCES,"NORTH PARK RESIDENCES, Singapore",3.0,3.0,"41,084.9 sqm"
1073,NORTHOAKS,"NORTHOAKS, Singapore",2.8,2.8, 
1074,NORTHVALE,"NORTHVALE, Singapore",2.5,2.8,"37,265 sqm"
1075,NORTHWOOD,"NORTHWOOD, Singapore",1.4,1.4,"12,101.5 sqm"
1076,NOUVEL 18,"NOUVEL 18, Singapore",2.8,2.8,"10,414.2 sqm"
1077,NOUVELLE PARK,"NOUVELLE PARK, Singapore",1.4,1.4, 
1078,NOVA 48,"NOVA 48, Singapore",2.8,2.8, 
1079,NOVELIS,"NOVELIS, Singapore",2.8,2.8, 
1080,NOVENA COURT,"NOVENA COURT, Singapore",2,2.1,
1083,NOVENA REGENCY,"NOVENA REGENCY, Singapore",1.4,1.4, 
1084,NOVENA SUITES,"NOVENA SUITES, Singapore",3.0,3.0, 
1085,NUOVO,"NUOVO, Singapore",1.92,2.1,
1087,NV RESIDENCES,"NV RESIDENCES, Singapore",2.8,2.8,
1088,OASIS @ ELIAS,"OASIS @ ELIAS, Singapore",3.0,3.0, 
1089,OASIS GARDEN,"OASIS GARDEN, Singapore",2.8,2.8,
1090,OCEAN PARK,"OCEAN PARK, Singapore",2.1,2.1,
1091,OCEANFRONT SUITES,"OCEANFRONT SUITES, Singapore",1.4,1.4, 
1093,OKIO,"OKIO, Singapore",3.0,3.0, 
1095,OLEANAS RESIDENCE,"OLEANAS RESIDENCE, Singapore",2.8,2.8, 
1096,OLEANDER TOWERS,"OLEANDER TOWERS, Singapore",2.8,2.8, 
1097,ONAN COURT,"ONAN COURT, Singapore",3.0,3.0, 
1100,ONE AKYAB,"ONE AKYAB, Singapore",2.8,2.8, 
1101,ONE AMBER,"ONE AMBER, Singapore",2.8,2.8,"23,160.7 sqm"
1102,ONE BALMORAL,"ONE BALMORAL, Singapore",1.6,1.6,"6,157.3 sqm"
1103,ONE CHATSWORTH,"ONE CHATSWORTH, Singapore",2.8,2.8,
1104,ONE DEVONSHIRE,"ONE DEVONSHIRE, Singapore",2.8,2.8, 
1105,ONE DRAYCOTT,"ONE DRAYCOTT, Singapore",2.8,2.8,"1,620.4 sqm"
1107,ONE DUSUN RESIDENCES,"ONE DUSUN RESIDENCES, Singapore",2.8,2.8,
1111,ONE LEICESTER,"ONE LEICESTER, Singapore",2.1,2.1, 
1112,ONE ROBIN,"ONE ROBIN, Singapore",2.1,2.1, 
1117,OPAL SUITES,"OPAL SUITES, Singapore",3.0,3.0, 
1119,ORANGE GROVE RESIDENCES,"ORANGE GROVE RESIDENCES, Singapore",1.4,1.4, 
1121,ORANGE REGENCY,"ORANGE REGENCY, Singapore",1.4,1.4, 
1123,ORCHARD COURT,"ORCHARD COURT, Singapore",1.4,1.4,
1124,ORCHARD SCOTTS,"ORCHARD SCOTTS, Singapore",2.8,2.8,"24,426.9 sqm"
1128,ORCHID APARTMENTS,"ORCHID APARTMENTS, Singapore",1.4,1.4,
1129,ORCHID MANSION,"ORCHID MANSION, Singapore",2.8,2.8, 
1130,ORCHID PARK CONDOMINIUM,"ORCHID PARK CONDOMINIUM, Singapore",2.1,2.1, 
1131,OUE TWIN PEAKS,"OUE TWIN PEAKS, Singapore",2.8,2.8,"12,168.6 sqm"
1133,OWEN 88,"OWEN 88, Singapore",3.0,3.0, 
1135,OXFORD SUITES,"OXFORD SUITES, Singapore",2.8,2.8, 
1140,PALISADES,"PALISADES, Singapore",2.1,2.1,
1142,PALM GREEN,"PALM GREEN, Singapore",1.4,1.4, 
1144,PALM HAVEN,"PALM HAVEN, Singapore",1.4,1.4, 
1145,PALM ISLES,"PALM ISLES, Singapore",1.4,1.4,
1146,PALM LODGE,"PALM LODGE, Singapore",2.8,2.8, 
1147,PALM LOFT,"PALM LOFT, Singapore",1.4,1.4, 
1148,PALM MANSIONS,"PALM MANSIONS, Singapore",2.8,2.8,
1149,PALM OASIS,"PALM OASIS, Singapore",1.4,1.4, 
1150,PALM RESIDENCE,"PALM RESIDENCE, Singapore",1.99,2.1, 
1151,PALM SPRING,"PALM SPRING, Singapore",1.6,1.6,
1152,PALM VISTA,"PALM VISTA, Singapore",1.4,1.4, 
1153,PALMERA EAST,"PALMERA EAST, Singapore",1.4,1.4, 
1154,PALMERA RESIDENCE,"PALMERA RESIDENCE, Singapore",1.4,1.4, 
1155,PANDAN VALLEY,"PANDAN VALLEY, Singapore",2.8,2.8,
1156,PAPILLON,"PAPILLON, Singapore",1.4,1.4,
1159,PARC ASTON,"PARC ASTON, Singapore",2.1,2.1, 
1160,PARC BLEU,"PARC BLEU, Singapore",1.4,1.4, 
1162,PARC CENTENNIAL,"PARC CENTENNIAL, Singapore",1.4,1.4,
1163,PARC CENTRAL RESIDENCES,"PARC CENTRAL RESIDENCES, Singapore",2.8,2.8,"24,933.7 sqm"
1164,PARC CENTROS,"PARC CENTROS, Singapore",2.1,2.1,
1165,PARC ELEGANCE,"PARC ELEGANCE, Singapore",1.4,1.4, 
1166,PARC GREENWICH,"PARC GREENWICH, Singapore",2.8,2.8,"17,129.9 sqm"
1167,PARC HAVEN,"PARC HAVEN, Singapore",2.8,2.8, 
1168,PARC LIFE,"PARC LIFE, Singapore",2.8,2.8,"22,189.7 sqm"
1169,PARC MONDRIAN,"PARC MONDRIAN, Singapore",2.8,2.8, 
1170,PARC OASIS,"PARC OASIS, Singapore",2,2.1, 
1171,PARC OLYMPIA,"PARC OLYMPIA, Singapore",1.4,1.4,
1172,PARC REGENCY,"PARC REGENCY, Singapore",1.4,1.4, 
1173,PARC ROSEWOOD,"PARC ROSEWOOD, Singapore",1.4,1.4, 
1175,PARC SOMME,"PARC SOMME, Singapore",3.0,3.0, 
1176,PARC STEVENS,"PARC STEVENS, Singapore",1.4,1.4, 
1177,PARC VERA,"PARC VERA, Singapore",2.8,2.8,"15,630.4 sqm"
1179,PARK 1 SUITES,"PARK 1 SUITES, Singapore",2.8,2.8,668.8 sqm
1180,PARK COLONIAL,"PARK COLONIAL, Singapore",3.0,3.0,"19,547 sqm"
1183,PARK GREEN,"PARK GREEN, Singapore",1.4,1.4,
1185,PARK INFINIA AT WEE NAM,"PARK INFINIA AT WEE NAM, Singapore",2.8,2.8, 
1186,PARK NATURA,"PARK NATURA, Singapore",1.4,1.4,"19,823.5 sqm"
1187,PARK RESIDENCES @ KOVAN,"PARK RESIDENCES @ KOVAN, Singapore",1.4,1.4, 
1188,PARK WEST,"PARK WEST, Singapore",1.4,1.4,
1189,PARKVIEW APARTMENTS,"PARKVIEW APARTMENTS, Singapore",2.5,2.8, 
1193,PARKWAY VIEW,"PARKWAY VIEW, Singapore",2.1,2.1, 
1195,PARVIS,"PARVIS, Singapore",1.6,1.6,
1197,PASIR PANJANG LODGE,"PASIR PANJANG LODGE, Singapore",2.8,2.8,
1200,PATENT PLACE,"PATENT PLACE, Singapore",1.99,2.1, 
1201,PATERSON LINC,"PATERSON LINC, Singapore",2.8,2.8, 
1202,PATERSON RESIDENCE,"PATERSON RESIDENCE, Singapore",2.1,2.1,
1203,PATERSON SUITES,"PATERSON SUITES, Singapore",2.1,2.1, 
1206,PAYA LEBAR RESIDENCES,"PAYA LEBAR RESIDENCES, Singapore",2.8,2.8, 
1209,PEIRCE VIEW,"PEIRCE VIEW, Singapore",1.4,1.4, 
1213,PEPPERMINT GROVE,"PEPPERMINT GROVE, Singapore",1.4,1.4, 
1214,PEPYS HILL CONDOMINIUM,"PEPYS HILL CONDOMINIUM, Singapore",1.4,1.4, 
1218,PHOENIX HEIGHTS,"PHOENIX HEIGHTS, Singapore",1.4,1.4,
1221,PINE COURT,"PINE COURT, Singapore",1.4,1.4, 
1223,PINETREE CONDO,"PINETREE CONDO, Singapore",2.8,2.8,
1224,PINEVALE,"PINEVALE, Singapore",2.8,2.8,
1226,PINNACLE 16,"PINNACLE 16, Singapore",2.8,2.8, 
1227,PLATINUM EDGE,"PLATINUM EDGE, Singapore",2.1,2.1, 
1228,POINT LOMA,"POINT LOMA, Singapore",1.4,1.4, 
1229,PORTOFINO,"PORTOFINO, Singapore",1.6,1.6,"1,779.6 sqm"
1230,POSHGROVE EAST,"POSHGROVE EAST, Singapore",1.4,1.4, 
1232,PRESTIGE HEIGHTS,"PRESTIGE HEIGHTS, Singapore",3.0,3.0,
1233,PRESTIGE LOFT,"PRESTIGE LOFT, Singapore",1.4,1.4, 
1234,PRESTIGE POINT,"PRESTIGE POINT, Singapore",3.0,3.0,619.3 sqm
1240,PRINCIPAL GARDEN,"PRINCIPAL GARDEN, Singapore",2.1,2.1,"24,964.3 sqm"
1241,PRISTINE HEIGHTS,"PRISTINE HEIGHTS, Singapore",2.8,2.8, 
1243,PROVENCE RESIDENCE,"PROVENCE RESIDENCE, Singapore",1.4,1.4,
1244,PROXIMO,"PROXIMO, Singapore",2.1,2.1, 
1245,Q BAY RESIDENCES,"Q BAY RESIDENCES, Singapore",2.8,2.8,"20,071.1 sqm"
1247,QUEENS,"QUEENS, Singapore",4.9,3.0,"10,516.1 sqm"
1248,QUEENS PEAK,"QUEENS PEAK, Singapore",4.9,3.0,"10,516.1 sqm"
1249,QUEENSBERRY LODGE,"QUEENSBERRY LODGE, Singapore",2.8,2.8, 
1251,QUESTA @ DUNMAN,"QUESTA @ DUNMAN, Singapore",2.8,2.8, 
1252,QUINTERRA,"QUINTERRA, Singapore",2.1,2.1, 
1253,R MAISON,"R MAISON, Singapore",1.4,1.4, 
1255,RACE COURSE LANE,"RACE COURSE LANE, Singapore",2.8,2.8,
1257,RAFFLESIA CONDOMINIUM,"RAFFLESIA CONDOMINIUM, Singapore",2.1,2.1, 
1260,RANGOON 88,"RANGOON 88, Singapore",3.0,3.0, 
1266,REFLECTIONS AT KEPPEL BAY,"REFLECTIONS AT KEPPEL BAY, Singapore",1.4,1.4,
1268,REGAL COURT,"REGAL COURT, Singapore",2.8,2.8, 
1270,REGENCY LODGE,"REGENCY LODGE, Singapore",2.1,2.1, 
1271,REGENCY PARK,"REGENCY PARK, Singapore",2.1,2.1,"47,038.4 sqm"
1272,REGENCY SUITES,"REGENCY SUITES, Singapore",3.0,3.0, 
1275,REGENT GROVE,"REGENT GROVE, Singapore",3.0,3.0,"22,848.4 sqm"
1276,REGENT HEIGHTS,"REGENT HEIGHTS, Singapore",2.8,2.8, 
1277,REGENT PARK,"REGENT PARK, Singapore",2.1,2.1, 
1278,REGENT RESIDENCES,"REGENT RESIDENCES, Singapore",2.8,2.8,"3,609.9 sqm"
1280,RESIDENCES 88,"RESIDENCES 88, Singapore",1.4,1.4, 
1281,RESIDENCES @ EVELYN,"RESIDENCES @ EVELYN, Singapore",2.8,2.8,"10,823.6 sqm"
1282,RESIDENCES @ JANSEN,"RESIDENCES @ JANSEN, Singapore",1.4,1.4, 
1283,RESIDENCES @ KILLINEY,"RESIDENCES @ KILLINEY, Singapore",2.8,2.8, 
1284,RESIDENCES @ SOMME,"RESIDENCES @ SOMME, Singapore",3.0,3.0, 
1286,REZI 3TWO,"REZI 3TWO, Singapore",2.8,2.8, 
1287,RHAPSODY ON MOUNT ELIZABETH,"RHAPSODY ON MOUNT ELIZABETH, Singapore",2.8,2.8,
1288,RIA APARTMENTS,"RIA APARTMENTS, Singapore",2.8,2.8,
1291,RICH EAST GARDEN,"RICH EAST GARDEN, Singapore",1.4,1.4, 
1293,RICHMOND PARK,"RICHMOND PARK, Singapore",1.4,1.4,
1296,RIO VISTA,"RIO VISTA, Singapore",3.0,3.0,"30,816 sqm"
1297,RIPPLE BAY,"RIPPLE BAY, Singapore",2.1,2.1,"27,054.8 sqm"
1298,RIS GRANDEUR,"RIS GRANDEUR, Singapore",1.4,1.4,
1300,RISING SUITES,"RISING SUITES, Singapore",1.6,1.6, 
1302,RITZ MANSIONS,"RITZ MANSIONS, Singapore",2.8,2.8, 
1303,RITZ REGENCY,"RITZ REGENCY, Singapore",2.8,2.8, 
1304,RIVA LODGE,"RIVA LODGE, Singapore",2.8,2.8, 
1307,RIVER VALLEY APARTMENTS,"RIVER VALLEY APARTMENTS, Singapore",2.8,2.8, 
1308,RIVERBANK @ FERNVALE,"RIVERBANK @ FERNVALE, Singapore",3.0,3.0,"16,603.9 sqm"
1309,RIVERCOVE RESIDENCES,"RIVERCOVE RESIDENCES, Singapore",1.99,2.1,
1310,RIVERDALE RESIDENCE,"RIVERDALE RESIDENCE, Singapore",2.8,2.8, 
1311,RIVERFRONT RESIDENCES,"RIVERFRONT RESIDENCES, Singapore",2.8,2.8,"36,811.1 sqm"
1312,RIVERIA GARDENS,"RIVERIA GARDENS, Singapore",2.8,2.8, 
1314,RIVERSAILS,"RIVERSAILS, Singapore",3.0,3.0,"24,620.5 sqm"
1316,RIVERSOUND RESIDENCE,"RIVERSOUND RESIDENCE, Singapore",3.0,3.0,"19,549.2 sqm"
1317,RIVERTREES RESIDENCES,"RIVERTREES RESIDENCES, Singapore",3.0,3.0,"14,930.5 sqm"
1318,RIVERVALE CREST,"RIVERVALE CREST, Singapore",3.0,3.0,"22,356.5 sqm"
1319,RIVERVALE SHORES,"RIVERVALE SHORES, Singapore",3.0,3.0,"93,027 sqm"
1320,RIVIERA RESIDENCES,"RIVIERA RESIDENCES, Singapore",1.4,1.4, 
1321,RIZ HAVEN,"RIZ HAVEN, Singapore",1.4,1.4, 
1322,ROBERTSON EDGE,"ROBERTSON EDGE, Singapore",2.1,2.1,
1323,ROBIN REGALIA,"ROBIN REGALIA, Singapore",1.6,1.6, 
1324,ROBIN RESIDENCES,"ROBIN RESIDENCES, Singapore",1.4,1.4, 
1325,ROBIN SUITES,"ROBIN SUITES, Singapore",2.1,2.1, 
1326,ROCCA BALESTIER,"ROCCA BALESTIER, Singapore",3.0,3.0, 
1328,ROCHELLE AT NEWTON,"ROCHELLE AT NEWTON, Singapore",2.8,2.8, 
1329,ROSALIA PARK,"ROSALIA PARK, Singapore",1.4,1.4, 
1332,ROSE VILLE,"ROSE VILLE, Singapore",1.4,1.4, 
1333,ROSELANE COURT,"ROSELANE COURT, Singapore",1.4,1.4, 
1334,ROSEVALE,"ROSEVALE, Singapore",1.4,1.4,
1335,ROSEWOOD,"ROSEWOOD, Singapore",2.1,2.1, 
1336,ROSEWOOD SUITES,"ROSEWOOD SUITES, Singapore",1.4,1.4, 
1340,ROYAL COURT,"ROYAL COURT, Singapore",3.0,3.0,
1341,ROYAL PALM MANSIONS,"ROYAL PALM MANSIONS, Singapore",1.4,1.4, 
1344,RV EDGE,"RV EDGE, Singapore",2.8,2.8, 
1346,RV SUITES,"RV SUITES, Singapore",2.8,2.8, 
1347,RYMDEN 77,"RYMDEN 77, Singapore",1.4,1.4,"2,234.3 sqm"
1348,SAI HO BUILDING,"SAI HO BUILDING, Singapore",3.0,3.0, 
1352,SANCTUARY @ 813,"SANCTUARY @ 813, Singapore",1.4,1.4, 
1355,SANDY PALM,"SANDY PALM, Singapore",1.4,1.4, 
1357,SARHAD VILLE,"SARHAD VILLE, Singapore",1.4,1.4, 
1358,SARKIES GARDENS,"SARKIES GARDENS, Singapore",1.6,1.6, 
1359,SARKIES GREEN,"SARKIES GREEN, Singapore",1.6,1.6,"1,105.3 sqm"
1360,SARKIES MANSIONS,"SARKIES MANSIONS, Singapore",1.6,1.6, 
1362,SCENIC HEIGHTS,"SCENIC HEIGHTS, Singapore",2.8,2.8, 
1364,SCOTTS 28,"SCOTTS 28, Singapore",2.8,2.8, 
1365,SCULPTURA ARDMORE,"SCULPTURA ARDMORE, Singapore",2.8,2.8,"3,966.53 sqm"
1367,SEA AVENUE RESIDENCES,"SEA AVENUE RESIDENCES, Singapore",1.4,1.4, 
1368,SEA ESTA,"SEA ESTA, Singapore",1.4,1.4,
1369,SEA HORIZON,"SEA HORIZON, Singapore",2.1,2.1, 
1370,SEAHILL,"SEAHILL, Singapore",3.0,3.0,
1372,SEASONS PARK,"SEASONS PARK, Singapore",2.1,2.1,"24,065.5 sqm"
1373,SEASONS VIEW,"SEASONS VIEW, Singapore",2.1,2.1, 
1374,SEASTRAND,"SEASTRAND, Singapore",2.1,2.1,"20,000.21 sqm"
1375,SEASUITES,"SEASUITES, Singapore",1.4,1.4, 
1377,SELANTING GREEN,"SELANTING GREEN, Singapore",1.99,2.1, 
1378,SELEGIE COURT,"SELEGIE COURT, Singapore",4.2,3.0, 
1379,SELETAR PARK RESIDENCE,"SELETAR PARK RESIDENCE, Singapore",1.4,1.4,"17,455.9 sqm"
1382,SEMBAWANG COTTAGE,"SEMBAWANG COTTAGE, Singapore",1.4,1.4, 
1383,SEMBAWANG GARDEN ARCADE,"SEMBAWANG GARDEN ARCADE, Singapore",3.0,3.0,
1384,SERAYA 9,"SERAYA 9, Singapore",1.4,1.4, 
1388,SERAYA VILLE,"SERAYA VILLE, Singapore",2.1,2.1,
1390,SETIA RESIDENCES,"SETIA RESIDENCES, Singapore",2.8,2.8, 
1392,SEVENTY SAINT PATRICK'S,"SEVENTY SAINT PATRICK'S, Singapore",1.4,1.4,"12,950.1 sqm"
1393,SHAN GATE,"SHAN GATE, Singapore",2.8,2.8, 
1395,SHANGHAI ONE,"SHANGHAI ONE, Singapore",2.8,2.8,
1398,SHEARES VILLE,"SHEARES VILLE, Singapore",1.4,1.4,
1399,SHEBA LODGE,"SHEBA LODGE, Singapore",2.8,2.8,
1401,SHELFORD GREEN,"SHELFORD GREEN, Singapore",1.4,1.4, 
1403,SHELFORD REGENCY,"SHELFORD REGENCY, Singapore",1.4,1.4, 
1406,SHERWOOD CONDOMINIUM,"SHERWOOD CONDOMINIUM, Singapore",1.4,1.4,
1409,SIGLAP COURT,"SIGLAP COURT, Singapore",1.4,1.4,"2,124.8 sqm"
1411,SIGLAP V,"SIGLAP V, Singapore",3.0,3.0, 
1412,SIGNATURE AT LEWIS,"SIGNATURE AT LEWIS, Singapore",1.6,1.6, 
1413,SIGNATURE AT YISHUN,"SIGNATURE AT YISHUN, Singapore",2.8,2.8,"18,260.4 sqm"
1417,SILVERSCAPE,"SILVERSCAPE, Singapore",2.8,2.8,711.4 sqm
1418,SILVERSEA,"SILVERSEA, Singapore",2.8,2.8, 
1419,SIMEI GREEN CONDOMINIUM,"SIMEI GREEN CONDOMINIUM, Singapore",2.3,2.8, 
1420,SIMON PLAZA,"SIMON PLAZA, Singapore",1.4,1.4, 
1422,SIMS DORADO,"SIMS DORADO, Singapore",2.8,2.8, 
1423,SIMS EDGE,"SIMS EDGE, Singapore",2.8,2.8, 
1424,SIMS GREEN,"SIMS GREEN, Singapore",2.8,2.8, 
1425,SIMS MEADOWS,"SIMS MEADOWS, Singapore",2.8,2.8,"1,158.2 sqm"
1426,SIMS POINT,"SIMS POINT, Singapore",2.8,2.8, 
1427,SIMS RESIDENCES,"SIMS RESIDENCES, Singapore",2.8,2.8, 
1428,SIMS URBAN OASIS,"SIMS URBAN OASIS, Singapore",3.0,3.0,"23,900.1 sqm"
1429,SIMSVILLE,"SIMSVILLE, Singapore",2.8,2.8,
1430,SIN MING PLAZA,"SIN MING PLAZA, Singapore",3.0,3.0, 
1431,SING LIAN BUILDING,"SING LIAN BUILDING, Singapore",3.0,3.0,
1433,SINGA HILLS,"SINGA HILLS, Singapore",3.0,3.0,
1435,SIXTH AVENUE CENTRE,"SIXTH AVENUE CENTRE, Singapore",3.0,3.0, 
1436,SIXTH AVENUE VILLE,"SIXTH AVENUE VILLE, Singapore",1.62,1.6, 
1437,SKIES MILTONIA,"SKIES MILTONIA, Singapore",2.1,2.1, 
1439,SKY @ ELEVEN,"SKY @ ELEVEN, Singapore",3.0,3.0, 
1440,SKY GREEN,"SKY GREEN, Singapore",2.1,2.1,"6,622.4 sqm"
1441,SKY HABITAT,"SKY HABITAT, Singapore",4.9,3.0,"11,997.1 sqm"
1442,SKY VUE,"SKY VUE, Singapore",4.9,3.0,"11,227.8 sqm"
1444,SKYLINE @ ORCHARD BOULEVARD,"SKYLINE @ ORCHARD BOULEVARD, Singapore",2.8,2.8,"3,326.7 sqm"
1445,SKYLINE RESIDENCES,"SKYLINE RESIDENCES, Singapore",1.4,1.4,
1446,SKYPARK,"SKYPARK, Singapore",2.1,2.1,
1447,SKYPARK RESIDENCES,"SKYPARK RESIDENCES, Singapore",3.0,3.0,
1448,SKYSUITES 17,"SKYSUITES 17, Singapore",2.8,2.8, 
1451,SOL ACRES,"SOL ACRES, Singapore",3.0,3.0,"32,908.6 sqm"
1453,SOMMERVILLE LOFT,"SOMMERVILLE LOFT, Singapore",1.4,1.4, 
1454,SOMMERVILLE PARK,"SOMMERVILLE PARK, Singapore",1.6,1.6,"79,540 sqm"
1456,SONG LANG GREEN,"SONG LANG GREEN, Singapore",1.4,1.4, 
1460,SPANISH VILLAGE,"SPANISH VILLAGE, Singapore",1.6,1.6, 
1461,SPAZIO @ KOVAN,"SPAZIO @ KOVAN, Singapore",3.0,3.0, 
1462,SPOTTISWOODE 18,"SPOTTISWOODE 18, Singapore",1.4,1.4,
1463,SPOTTISWOODE RESIDENCES,"SPOTTISWOODE RESIDENCES, Singapore",1.4,1.4,
1464,SPOTTISWOODE SUITES,"SPOTTISWOODE SUITES, Singapore",2.8,2.8,"3,740.2 sqm"
1465,SPRING @ KATONG,"SPRING @ KATONG, Singapore",1.4,1.4, 
1466,SPRING @ LANGSAT,"SPRING @ LANGSAT, Singapore",1.4,1.4, 
1468,SPRING GROVE,"SPRING GROVE, Singapore",2.8,2.8,
1470,SPRING RESIDENCES,"SPRING RESIDENCES, Singapore",1.6,1.6,"1,514.6 sqm"
1471,SPRINGVALE,"SPRINGVALE, Singapore",3.0,3.0, 
1474,ST PATRICK'S LOFT,"ST PATRICK'S LOFT, Singapore",1.4,1.4, 
1475,ST PATRICK'S RESIDENCES,"ST PATRICK'S RESIDENCES, Singapore",1.4,1.4, 
1477,ST THOMAS SUITES,"ST THOMAS SUITES, Singapore",2.8,2.8, 
1478,ST. FRANCIS LODGE,"ST. FRANCIS LODGE, Singapore",2.8,2.8, 
1479,ST. MARTIN RESIDENCE,"ST. MARTIN RESIDENCE, Singapore",1.4,1.4, 
1481,STADIA,"STADIA, Singapore",1.4,1.4, 
1482,STARLIGHT SUITES,"STARLIGHT SUITES, Singapore",2.8,2.8, 
1483,STARPOINT,"STARPOINT, Singapore",1.4,1.4,
1484,STARS OF KOVAN,"STARS OF KOVAN, Singapore",3.0,3.0,"10,097.1 sqm"
1485,STARVILLE,"STARVILLE, Singapore",2.1,2.1, 
1486,STELLAR RV,"STELLAR RV, Singapore",2.8,2.8, 
1488,STEVENS LOFT,"STEVENS LOFT, Singapore",1.4,1.4, 
1491,STILL 123,"STILL 123, Singapore",1.4,1.4, 
1492,STILL MANSIONS,"STILL MANSIONS, Singapore",1.4,1.4, 
1493,STILLZ RESIDENCE,"STILLZ RESIDENCE, Singapore",1.4,1.4, 
1496,STRATA,"STRATA, Singapore",2.8,2.8, 
1497,STRATUM,"STRATUM, Singapore",1.4,1.4, 
1500,STUDIOS @ MARNE,"STUDIOS @ MARNE, Singapore",3.0,3.0, 
1501,STUDIOS@TEMBELING,"STUDIOS@TEMBELING, Singapore",1.4,1.4, 
1502,STURDEE RESIDENCES,"STURDEE RESIDENCES, Singapore",3.0,3.0,"6,111.5 sqm"
1503,STURDEE VIEW,"STURDEE VIEW, Singapore",2.8,2.8,"1,160.3 sqm"
1505,SUI GENERIS,"SUI GENERIS, Singapore",1.6,1.6, 
1506,SUITES 123,"SUITES 123, Singapore",3.0,3.0, 
1507,SUITES @ AMBER,"SUITES @ AMBER, Singapore",2.8,2.8, 
1508,SUITES @ BRADDELL,"SUITES @ BRADDELL, Singapore",1.4,1.4,"1,108.6 sqm"
1509,SUITES @ CHANGI,"SUITES @ CHANGI, Singapore",1.4,1.4, 
1511,SUITES @ EUNOS,"SUITES @ EUNOS, Singapore",1.4,1.4, 
1512,SUITES @ GUILLEMARD,"SUITES @ GUILLEMARD, Singapore",1.4,1.4,
1513,SUITES @ KATONG,"SUITES @ KATONG, Singapore",1.4,1.4,
1514,SUITES @ KOVAN,"SUITES @ KOVAN, Singapore",3.0,3.0, 
1515,SUITES @ NEWTON,"SUITES @ NEWTON, Singapore",2.8,2.8, 
1516,SUITES @ OWEN,"SUITES @ OWEN, Singapore",3.0,3.0, 
1517,SUITES @ PAYA LEBAR,"SUITES @ PAYA LEBAR, Singapore",1.4,1.4, 
1518,SUITES @ SHREWSBURY,"SUITES @ SHREWSBURY, Singapore",1.4,1.4, 
1519,SUITES @ SIMS,"SUITES @ SIMS, Singapore",3.0,3.0, 
1520,SUITES @ SURREY,"SUITES @ SURREY, Singapore",2.8,2.8, 
1524,SUITES@BRADDELL,"SUITES@BRADDELL, Singapore",1.4,1.4,"1,108.6 sqm"
1525,SUMMER GREEN,"SUMMER GREEN, Singapore",2.8,2.8, 
1527,SUMMERDALE,"SUMMERDALE, Singapore",1.4,1.4,
1534,SUNFLOWER GRANDEUR,"SUNFLOWER GRANDEUR, Singapore",2.8,2.8, 
1535,SUNFLOWER LODGE,"SUNFLOWER LODGE, Singapore",2.8,2.8, 
1538,SUNFLOWER RESIDENCE,"SUNFLOWER RESIDENCE, Singapore",2.8,2.8, 
1541,SUNGLADE,"SUNGLADE, Singapore",1.4,1.4,
1542,SUNHAVEN,"SUNHAVEN, Singapore",1.6,1.6, 
1543,SUNNY LODGE,"SUNNY LODGE, Singapore",1.4,1.4, 
1544,SUNNY PALMS,"SUNNY PALMS, Singapore",1.4,1.4, 
1545,SUNNY PARC,"SUNNY PARC, Singapore",2.8,2.8,
1547,SUNRISE GARDENS,"SUNRISE GARDENS, Singapore",1.4,1.4, 
1548,SUNSET LODGE,"SUNSET LODGE, Singapore",1.4,1.4, 
1550,SUNSHINE GROVE,"SUNSHINE GROVE, Singapore",1.4,1.4, 
1551,SUNSHINE LODGE,"SUNSHINE LODGE, Singapore",2.8,2.8,
1552,SUNSHINE LOFT,"SUNSHINE LOFT, Singapore",1.4,1.4, 
1558,SYLVAN LODGE,"SYLVAN LODGE, Singapore",1.4,1.4, 
1560,TAIPAN GRAND,"TAIPAN GRAND, Singapore",1.4,1.4, 
1563,TAN TONG MENG TOWER,"TAN TONG MENG TOWER, Singapore",2.8,2.8, 
1565,TANAMERA CREST,"TANAMERA CREST, Singapore",2.5,2.8, 
1566,TANGERINE GROVE,"TANGERINE GROVE, Singapore",1.4,1.4, 
1569,TANGLIN PARK,"TANGLIN PARK, Singapore",3.0,3.0,
1570,TANGLIN REGENCY,"TANGLIN REGENCY, Singapore",3.0,3.0,
1573,TELOK BLANGAH HOUSE,"TELOK BLANGAH HOUSE, Singapore",3.0,3.0, 
1575,TELOK KURAU MANSION,"TELOK KURAU MANSION, Singapore",1.4,1.4, 
1577,TELOK MANSION,"TELOK MANSION, Singapore",1.62,1.6,
1579,TEMBELING CENTRE,"TEMBELING CENTRE, Singapore",3.0,3.0, 
1585,TEN @ SUFFOLK,"TEN @ SUFFOLK, Singapore",2.8,2.8, 
1586,TERESA VILLE,"TERESA VILLE, Singapore",2.5,2.8, 
1588,TERRASSE,"TERRASSE, Singapore",1.4,1.4,"30,195.5 sqm"
1595,THE ADARA,"THE ADARA, Singapore",1.4,1.4, 
1596,THE ALCOVE,"THE ALCOVE, Singapore",2.8,2.8, 
1597,THE AMARELLE,"THE AMARELLE, Singapore",1.4,1.4, 
1599,THE AMBROSIA,"THE AMBROSIA, Singapore",1.4,1.4, 
1601,THE AMERY,"THE AMERY, Singapore",1.4,1.4, 
1602,THE AMORE,"THE AMORE, Singapore",3.0,3.0,"13,564.8 sqm"
1603,THE AMSTON,"THE AMSTON, Singapore",1.92,2.1, 
1604,THE ANSLEY,"THE ANSLEY, Singapore",1.4,1.4,
1605,THE ARC AT DRAYCOTT,"THE ARC AT DRAYCOTT, Singapore",2.8,2.8, 
1608,THE ARMADALE,"THE ARMADALE, Singapore",1.4,1.4,
1609,THE ARTE,"THE ARTE, Singapore",2.8,2.8, 
1611,THE ASTON,"THE ASTON, Singapore",2.8,2.8, 
1612,THE ATELIER,"THE ATELIER, Singapore",2.8,2.8,"3,863.1 sqm"
1613,THE ATRIA AT MEYER,"THE ATRIA AT MEYER, Singapore",2.8,2.8, 
1614,THE AXIS,"THE AXIS, Singapore",2.8,2.8, 
1618,THE BALMORAL,"THE BALMORAL, Singapore",1.6,1.6, 
1619,THE BALMORAL SPRING,"THE BALMORAL SPRING, Singapore",1.6,1.6, 
1620,THE BAYRON,"THE BAYRON, Singapore",2.8,2.8, 
1622,THE BEACON,"THE BEACON, Singapore",1.4,1.4, 
1623,THE BEACON EDGE,"THE BEACON EDGE, Singapore",1.4,1.4, 
1624,THE BEAUMONT,"THE BEAUMONT, Singapore",2.8,2.8, 
1625,THE BECCAGAYLE,"THE BECCAGAYLE, Singapore",1.4,1.4, 
1626,THE BELLEFORTE,"THE BELLEFORTE, Singapore",2.8,2.8, 
1627,THE BELMONT,"THE BELMONT, Singapore",2.8,2.8,
1628,THE BELVEDERE,"THE BELVEDERE, Singapore",2.8,2.8, 
1630,THE BEVERLY,"THE BEVERLY, Singapore",1.4,1.4,"11,431.3 sqm"
1631,THE BOTANIC ON LLOYD,"THE BOTANIC ON LLOYD, Singapore",1.4,1.4, 
1633,THE BOUTIQ,"THE BOUTIQ, Singapore",2.8,2.8,
1634,THE BROOKS I,"THE BROOKS I, Singapore",1.4,1.4,226.59 sqm
1635,THE BROWNSTONE,"THE BROWNSTONE, Singapore",2.1,2.1,"28,562.5 sqm"
1637,THE CALLISTA,"THE CALLISTA, Singapore",2.8,2.8, 
1639,THE CALYPSO,"THE CALYPSO, Singapore",1.4,1.4, 
1640,THE CANOPY,"THE CANOPY, Singapore",2.8,2.8, 
1643,THE CARPMAELINA,"THE CARPMAELINA, Singapore",1.4,1.4,"4,321.4 sqm"
1644,THE CASCADIA,"THE CASCADIA, Singapore",2.07,2.1,"27,280.8 sqm"
1645,THE CASSANDRA,"THE CASSANDRA, Singapore",1.4,1.4, 
1647,THE CENTRIO,"THE CENTRIO, Singapore",2.8,2.8, 
1649,THE CHAMPAGNE,"THE CHAMPAGNE, Singapore",2.8,2.8,
1650,THE CHUAN,"THE CHUAN, Singapore",2.1,2.1, 
1651,THE CITRINE,"THE CITRINE, Singapore",2.8,2.8, 
1653,THE CLAYMORE,"THE CLAYMORE, Singapore",2.8,2.8, 
1654,THE CLAYTON,"THE CLAYTON, Singapore",2.1,2.1, 
1655,THE CLEARWATER,"THE CLEARWATER, Singapore",2.1,2.1,"27,418.2 sqm"
1656,THE CLEMENT CANOPY,"THE CLEMENT CANOPY, Singapore",3.0,3.0,"13,037.8 sqm"
1658,THE CLYDESWOOD,"THE CLYDESWOOD, Singapore",1.4,1.4, 
1660,THE COLONNADE,"THE COLONNADE, Singapore",2.1,2.1, 
1661,THE COMMODORE,"THE COMMODORE, Singapore",3.0,3.0,
1662,THE CORNWALL,"THE CORNWALL, Singapore",1.4,1.4,"9,941 sqm"
1664,THE COTERIE @ HOLLAND,"THE COTERIE @ HOLLAND, Singapore",1.6,1.6, 
1665,THE COTZ,"THE COTZ, Singapore",1.4,1.4, 
1666,THE COURTYARD,"THE COURTYARD, Singapore",1.4,1.4, 
1667,THE CREEK @ BUKIT,"THE CREEK @ BUKIT, Singapore",1.4,1.4,"14,035.3 sqm"
1668,THE CREST,"THE CREST, Singapore",2.1,2.1,"23,785.4 sqm"
1670,THE CRITERION,"THE CRITERION, Singapore",2.8,2.8,"17,940.2 sqm"
1671,THE DAFFODIL,"THE DAFFODIL, Singapore",3.0,3.0,
1672,THE DAIRY FARM,"THE DAIRY FARM, Singapore",1.4,1.4,
1674,THE DRAYCOTT,"THE DRAYCOTT, Singapore",2.1,2.1, 
1677,THE EDEN AT TAMPINES,"THE EDEN AT TAMPINES, Singapore",2.8,2.8,
1679,THE EDGEWATER,"THE EDGEWATER, Singapore",1.4,1.4, 
1681,THE ELEMENT @ STEVENS,"THE ELEMENT @ STEVENS, Singapore",1.4,1.4, 
1682,THE ELYSIA,"THE ELYSIA, Singapore",2.8,2.8, 
1683,THE EQUATORIAL,"THE EQUATORIAL, Singapore",2.1,2.1, 
1687,THE ESTIVA,"THE ESTIVA, Singapore",1.4,1.4, 
1688,THE ESTRELLA,"THE ESTRELLA, Singapore",1.4,1.4, 
1689,THE ESTUARY,"THE ESTUARY, Singapore",2.1,2.1,"26,950.09 sqm"
1690,THE FERNHILL,"THE FERNHILL, Singapore",1.4,1.4, 
1691,THE FLORAVALE,"THE FLORAVALE, Singapore",2.8,2.8,
1692,THE FLORENTINE,"THE FLORENTINE, Singapore",1.4,1.4, 
1693,THE FLORIDA,"THE FLORIDA, Singapore",3.0,3.0, 
1695,THE FORD @ HOLLAND,"THE FORD @ HOLLAND, Singapore",1.6,1.6,
1696,THE FORESTA @ MOUNT FABER,"THE FORESTA @ MOUNT FABER, Singapore",1.4,1.4, 
1697,THE GALE,"THE GALE, Singapore",1.4,1.4, 
1698,THE GARDEN RESIDENCES,"THE GARDEN RESIDENCES, Singapore",2.5,2.8,"17,189.1 sqm"
1699,THE GARDENS AT BISHAN,"THE GARDENS AT BISHAN, Singapore",2.5,2.8,"34,949.6 sqm"
1700,THE GERANIUM,"THE GERANIUM, Singapore",1.4,1.4, 
1702,THE GLADES,"THE GLADES, Singapore",1.6,1.6, 
1704,THE GLYNDEBOURNE,"THE GLYNDEBOURNE, Singapore",1.4,1.4, 
1705,THE GRANDHILL,"THE GRANDHILL, Singapore",1.4,1.4, 
1708,THE GREENWICH,"THE GREENWICH, Singapore",1.4,1.4,"21,000 sqm"
1709,THE HACIENDA,"THE HACIENDA, Singapore",1.4,1.4,
1711,THE HERMITAGE,"THE HERMITAGE, Singapore",1.6,1.6,
1712,THE HILLFORD,"THE HILLFORD, Singapore",1.4,1.4,"10,170.8 sqm"
1713,THE HOLLAND COLLECTION,"THE HOLLAND COLLECTION, Singapore",1.4,1.4, 
1714,THE HORIZON,"THE HORIZON, Singapore",2.8,2.8, 
1715,THE INFLORA,"THE INFLORA, Singapore",1.4,1.4,
1716,THE INTERWEAVE,"THE INTERWEAVE, Singapore",2.8,2.8, 
1717,THE JADE,"THE JADE, Singapore",3.0,3.0, 
1719,THE LADYHILL,"THE LADYHILL, Singapore",2.5,2.8,
1721,THE LAKESHORE,"THE LAKESHORE, Singapore",3.0,3.0,0 sqm
1724,THE LEGACY,"THE LEGACY, Singapore",1.6,1.6, 
1725,THE LEGEND,"THE LEGEND, Singapore",1.4,1.4, 
1727,THE LEVELZ,"THE LEVELZ, Singapore",1.6,1.6, 
1728,THE LILIUM,"THE LILIUM, Singapore",1.4,1.4,"5,104.3 sqm"
1729,THE LINC,"THE LINC, Singapore",2.8,2.8, 
1730,THE LINCOLN MODERN,"THE LINCOLN MODERN, Singapore",2.8,2.8, 
1731,THE LINCOLN RESIDENCES,"THE LINCOLN RESIDENCES, Singapore",3.0,3.0,
1732,THE LINE @ TANJONG RHU,"THE LINE @ TANJONG RHU, Singapore",1.4,1.4,
1733,THE LINEAR,"THE LINEAR, Singapore",1.4,1.4,
1734,THE LOFT,"THE LOFT, Singapore",1.4,1.4,"7,533.6 sqm"
1735,THE LUCENT,"THE LUCENT, Singapore",1.4,1.4,"3,024 sqm"
1736,THE LUMOS,"THE LUMOS, Singapore",2.8,2.8,"3,232.4 sqm"
1737,THE LUXE,"THE LUXE, Singapore",2.8,2.8,
1738,THE LUXURIE,"THE LUXURIE, Singapore",3.0,3.0,0 sqm
1739,THE MADEIRA,"THE MADEIRA, Singapore",3.0,3.0,"53,991.19 sqm"
1740,THE MAKENA,"THE MAKENA, Singapore",2.8,2.8, 
1741,THE MARBELLA,"THE MARBELLA, Singapore",2.1,2.1, 
1744,THE MAYFAIR,"THE MAYFAIR, Singapore",2.8,2.8,
1746,THE MERASAGA,"THE MERASAGA, Singapore",1.6,1.6, 
1750,THE METZ,"THE METZ, Singapore",1.4,1.4,
1751,THE MEYERISE,"THE MEYERISE, Singapore",2.8,2.8, 
1752,THE MEZZO,"THE MEZZO, Singapore",3.0,3.0, 
1753,THE MIDAS,"THE MIDAS, Singapore",2.8,2.8, 
1754,THE MILTONIA RESIDENCES,"THE MILTONIA RESIDENCES, Singapore",1.4,1.4, 
1755,THE MINT RESIDENCES,"THE MINT RESIDENCES, Singapore",1.4,1.4, 
1756,THE MKZ,"THE MKZ, Singapore",1.4,1.4,
1758,THE MONTANA,"THE MONTANA, Singapore",2.8,2.8,"3,516.2 sqm"
1759,THE MORNING GLORY,"THE MORNING GLORY, Singapore",1.4,1.4, 
1760,THE MORNINGSIDE,"THE MORNINGSIDE, Singapore",2.8,2.8, 
1761,THE NAUTICAL,"THE NAUTICAL, Singapore",1.4,1.4,"27,665.5 sqm"
1762,THE NAVIAN,"THE NAVIAN, Singapore",1.4,1.4,"2,432.2 sqm"
1763,THE NCLAVE,"THE NCLAVE, Singapore",2.8,2.8,
1764,THE NEXUS,"THE NEXUS, Singapore",2.07,2.1, 
1768,THE ORANGE GROVE,"THE ORANGE GROVE, Singapore",2.8,2.8,
1769,THE ORIENT,"THE ORIENT, Singapore",1.4,1.4,"2,696.4 sqm"
1770,THE PALETTE,"THE PALETTE, Singapore",2.1,2.1, 
1772,THE PANORAMA,"THE PANORAMA, Singapore",3.0,3.0,"18,203.67 sqm"
1774,THE PATERSON,"THE PATERSON, Singapore",2.1,2.1, 
1775,THE PATERSON EDGE,"THE PATERSON EDGE, Singapore",2.8,2.8, 
1776,THE PEAK,"THE PEAK, Singapore",1.6,1.6,
1777,THE PEAK @ BALMEG,"THE PEAK @ BALMEG, Singapore",1.4,1.4, 
1778,THE PEAK @ CAIRNHILL I,"THE PEAK @ CAIRNHILL I, Singapore",2.8,2.8, 
1779,THE PEAK @ CAIRNHILL II,"THE PEAK @ CAIRNHILL II, Singapore",2.8,2.8,"1,509 sqm"
1780,THE PEARL @ MOUNT FABER,"THE PEARL @ MOUNT FABER, Singapore",2.1,2.1, 
1781,THE PETALS,"THE PETALS, Singapore",1.92,2.1, 
1782,THE PRINCETON,"THE PRINCETON, Singapore",2.1,2.1, 
1783,THE PROMINENCE,"THE PROMINENCE, Singapore",1.4,1.4, 
1784,THE PROMONT,"THE PROMONT, Singapore",2.8,2.8, 
1785,THE QUARTZ,"THE QUARTZ, Singapore",3.0,3.0,"21,985.3 sqm"
1786,THE QUINN,"THE QUINN, Singapore",1.4,1.4,"7,083.5 sqm"
1787,THE RAINFOREST,"THE RAINFOREST, Singapore",2.8,2.8, 
1788,THE REGALIA,"THE REGALIA, Singapore",2.8,2.8, 
1789,THE REGENCY AT TIONG BAHRU,"THE REGENCY AT TIONG BAHRU, Singapore",2.8,2.8,"6,129.9 sqm"
1790,THE RESIDENCES AT W SINGAPORE SENTOSA COVE,"THE RESIDENCES AT W SINGAPORE SENTOSA COVE, Singapore",2.1,2.1,
1791,THE RICHMOND,"THE RICHMOND, Singapore",2.8,2.8, 
1792,THE RITZ-CARLTON RESIDENCES,"THE RITZ-CARLTON RESIDENCES, Singapore",2.8,2.8, 
1793,THE RIVERVALE,"THE RIVERVALE, Singapore",1.4,1.4,
1795,THE SANTORINI,"THE SANTORINI, Singapore",2.8,2.8,"17,102.9 sqm"
1796,THE SCALA,"THE SCALA, Singapore",2.8,2.8,"13,877.2 sqm"
1798,THE SCOTTS TOWER,"THE SCOTTS TOWER, Singapore",2.8,2.8,"6,099.7 sqm"
1799,THE SEAFRONT ON MEYER,"THE SEAFRONT ON MEYER, Singapore",2.8,2.8, 
1800,THE SENSORIA,"THE SENSORIA, Singapore",2.07,2.1,
1801,THE SENTINEL,"THE SENTINEL, Singapore",2.8,2.8, 
1802,THE SERENADE @ HOLLAND,"THE SERENADE @ HOLLAND, Singapore",2.1,2.1, 
1804,THE SERENNO,"THE SERENNO, Singapore",2.8,2.8,
1806,THE SIENA,"THE SIENA, Singapore",1.4,1.4,"2,741.5 sqm"
1807,THE SIERRA,"THE SIERRA, Singapore",2.1,2.1, 
1808,THE SILVER FIR,"THE SILVER FIR, Singapore",2.8,2.8, 
1811,THE SORRENTO,"THE SORRENTO, Singapore",1.4,1.4,"7,255.7 sqm"
1812,THE SOUND,"THE SOUND, Singapore",1.4,1.4, 
1813,THE SOVEREIGN,"THE SOVEREIGN, Singapore",2.8,2.8, 
1814,THE SPECTRUM,"THE SPECTRUM, Singapore",1.4,1.4, 
1816,THE SPRINGBLOOM,"THE SPRINGBLOOM, Singapore",2.1,2.1, 
1817,THE SPRINGS,"THE SPRINGS, Singapore",2.8,2.8, 
1819,THE SUMMIT,"THE SUMMIT, Singapore",1.6,1.6,
1823,THE SUNNY SPRING,"THE SUNNY SPRING, Singapore",2.8,2.8, 
1824,THE SUNNYDALE,"THE SUNNYDALE, Singapore",1.4,1.4, 
1825,THE SUNSHINE,"THE SUNSHINE, Singapore",2.8,2.8, 
1827,THE TAMPINES TRILLIANT,"THE TAMPINES TRILLIANT, Singapore",3.0,3.0,"22,000 sqm"
1828,THE TANAMERA,"THE TANAMERA, Singapore",2.1,2.1, 
1829,THE TAPESTRY,"THE TAPESTRY, Singapore",2.8,2.8,"21,717.7 sqm"
1831,THE TERRACE,"THE TERRACE, Singapore",3.0,3.0,"24,064.8 sqm"
1832,THE TESSARINA,"THE TESSARINA, Singapore",2.07,2.1, 
1833,THE TIER,"THE TIER, Singapore",2.8,2.8, 
1834,THE TOPIARY,"THE TOPIARY, Singapore",3.0,3.0,"21,999.9 sqm"
1835,THE TREELINE,"THE TREELINE, Singapore",1.4,1.4, 
1836,THE TRESOR,"THE TRESOR, Singapore",1.4,1.4, 
1838,THE TRILINQ,"THE TRILINQ, Singapore",2.8,2.8,"24,417.6 sqm"
1839,THE TRILLIUM,"THE TRILLIUM, Singapore",2.8,2.8,
1840,THE TRIZON,"THE TRIZON, Singapore",2.1,2.1, 
1842,THE TROPICA,"THE TROPICA, Singapore",2.1,2.1,0 sqm
1843,THE TRUMPS,"THE TRUMPS, Singapore",1.4,1.4,
1844,THE TWINS,"THE TWINS, Singapore",2.8,2.8,
1845,THE URBANITE,"THE URBANITE, Singapore",1.4,1.4, 
1846,THE VALES,"THE VALES, Singapore",3.0,3.0,"16,280 sqm"
1848,THE VANTAGE,"THE VANTAGE, Singapore",2.8,2.8, 
1849,THE VERMONT ON CAIRNHILL,"THE VERMONT ON CAIRNHILL, Singapore",2.8,2.8, 
1850,THE VERTE,"THE VERTE, Singapore",1.4,1.4, 
1851,THE VERV @ RV,"THE VERV @ RV, Singapore",3.0,3.0,
1852,THE VERVE,"THE VERVE, Singapore",2.8,2.8, 
1854,THE VIEW @ MEYER,"THE VIEW @ MEYER, Singapore",1.4,1.4,
1855,THE VILLAGE,"THE VILLAGE, Singapore",2.1,2.1, 
1856,THE VINES,"THE VINES, Singapore",1.4,1.4, 
1857,THE VIRIDIAN,"THE VIRIDIAN, Singapore",2.8,2.8,"2,586.3 sqm"
1858,THE VISION,"THE VISION, Singapore",2.8,2.8, 
1860,THE VUE,"THE VUE, Singapore",1.4,1.4, 
1861,THE WARREN,"THE WARREN, Singapore",1.4,1.4,
1862,THE WATER EDGE,"THE WATER EDGE, Singapore",2.8,2.8, 
1863,THE WATERGARDENS AT CANBERRA,"THE WATERGARDENS AT CANBERRA, Singapore",1.4,1.4,"27,566.1 sqm"
1864,THE WATERINA,"THE WATERINA, Singapore",2.8,2.8, 
1865,THE WATERLINE,"THE WATERLINE, Singapore",1.4,1.4,0 sqm
1866,THE WATERSIDE,"THE WATERSIDE, Singapore",2.1,2.1, 
1867,THE WINDSOR,"THE WINDSOR, Singapore",1.4,1.4, 
1868,THE WISTERIA,"THE WISTERIA, Singapore",2.8,2.8,"9,759.8 sqm"
1870,THE WOODLEIGH RESIDENCES,"THE WOODLEIGH RESIDENCES, Singapore",3.0,3.0,"25,440.8 sqm"
1871,THE YARDLEY,"THE YARDLEY, Singapore",2.8,2.8, 
1872,THOMSON 800,"THOMSON 800, Singapore",2.1,2.1,"27,973.1 sqm"
1876,THOMSON IMPRESSIONS,"THOMSON IMPRESSIONS, Singapore",2.1,2.1,"10,502.8 sqm"
1878,THOMSON PLAZA,"THOMSON PLAZA, Singapore",3.0,3.0,"22,060.7 sqm"
1879,THOMSON THREE,"THOMSON THREE, Singapore",2.8,2.8,"13,437.1 sqm"
1880,THOMSON V ONE,"THOMSON V ONE, Singapore",3.0,3.0, 
1881,THOMSON V TWO,"THOMSON V TWO, Singapore",3.0,3.0, 
1884,THREE 11,"THREE 11, Singapore",1.4,1.4,"3,470.7 sqm"
1885,THREE BALMORAL,"THREE BALMORAL, Singapore",2.8,2.8,
1886,THREE BUCKLEY,"THREE BUCKLEY, Singapore",1.4,1.4, 
1887,THREE THREE ROBIN,"THREE THREE ROBIN, Singapore",1.6,1.6, 
1888,TIANSO HEIGHTS,"TIANSO HEIGHTS, Singapore",2.8,2.8,
1889,TIARA,"TIARA, Singapore",1.4,1.4, 
1890,TIERRA VUE,"TIERRA VUE, Singapore",1.4,1.4,10 sqm
1891,TIONG BAHRU ESTATE,"TIONG BAHRU ESTATE, Singapore",3.0,3.0,248 sqm
1895,TOMLINSON HEIGHTS,"TOMLINSON HEIGHTS, Singapore",2.8,2.8, 
1897,TOPAZ MANSIONS,"TOPAZ MANSIONS, Singapore",1.4,1.4, 
1899,TOWNHOUSE APARTMENTS,"TOWNHOUSE APARTMENTS, Singapore",2.1,2.1, 
1900,TRE RESIDENCES,"TRE RESIDENCES, Singapore",2.8,2.8,"6,238.1 sqm"
1901,TREASURE AT TAMPINES,"TREASURE AT TAMPINES, Singapore",2.1,2.1,
1903,TREASURE LOFT,"TREASURE LOFT, Singapore",1.4,1.4, 
1905,TREASURE ON BALMORAL,"TREASURE ON BALMORAL, Singapore",4.9,3.0,
1906,TREASURE PLACE,"TREASURE PLACE, Singapore",1.4,1.4, 
1907,TREASURES @ G20,"TREASURES @ G20, Singapore",2.8,2.8, 
1908,TREE HOUSE,"TREE HOUSE, Singapore",2.1,2.1, 
1910,TREETOPS EXECUTIVE RESIDENCES,"TREETOPS EXECUTIVE RESIDENCES, Singapore",1.4,1.4,"15,929.7 sqm"
1911,TRELLIS TOWERS,"TRELLIS TOWERS, Singapore",3.0,3.0, 
1912,TRENDALE TOWER,"TRENDALE TOWER, Singapore",2.8,2.8, 
1913,TRESALVEO,"TRESALVEO, Singapore",2.1,2.1, 
1914,TREVISTA,"TREVISTA, Singapore",4.2,3.0,"13,955.1 sqm"
1915,TREVOSE PARK,"TREVOSE PARK, Singapore",1.4,1.4, 
1917,TRILIGHT,"TRILIGHT, Singapore",1.4,1.4,
1918,TRILIVE,"TRILIVE, Singapore",1.4,1.4,
1919,TROPICAL SPRING,"TROPICAL SPRING, Singapore",2.3,2.8, 
1924,TWENTYONE ANGULLIA PARK,"TWENTYONE ANGULLIA PARK, Singapore",2.8,2.8,"4,562.9 sqm"
1925,TWIN FOUNTAINS,"TWIN FOUNTAINS, Singapore",1.4,1.4,
1926,TWIN HEIGHTS,"TWIN HEIGHTS, Singapore",3.0,3.0,"11,109.1 sqm"
1927,TWIN PEAKS,"TWIN PEAKS, Singapore",2.8,2.8,"12,168.6 sqm"
1928,TWIN REGENCY,"TWIN REGENCY, Singapore",2.1,2.1,
1929,TWIN VEW,"TWIN VEW, Singapore",2.8,2.8,"16,378.3 sqm"
1930,TWIN WATERFALLS,"TWIN WATERFALLS, Singapore",2.8,2.8,
1931,TYRWHITT 139,"TYRWHITT 139, Singapore",3.0,3.0, 
1933,UNI BUILDING,"UNI BUILDING, Singapore",1.4,1.4, 
1934,UNIT 8,"UNIT 8, Singapore",1.4,1.4, 
1937,URBAN EDGE @ HOLLAND V,"URBAN EDGE @ HOLLAND V, Singapore",2.1,2.1,
1938,URBAN LOFTS,"URBAN LOFTS, Singapore",3.0,3.0, 
1939,URBAN RESIDENCES,"URBAN RESIDENCES, Singapore",1.4,1.4,126.67 sqm
1941,URBAN SUITES,"URBAN SUITES, Singapore",2.8,2.8, 
1942,URBAN VISTA,"URBAN VISTA, Singapore",2.8,2.8,"13,998.5 sqm"
1943,URBANA,"URBANA, Singapore",2.8,2.8, 
1944,VA RESIDENCES,"VA RESIDENCES, Singapore",2.8,2.8,"1,045.4 sqm"
1945,VACANZA @ EAST,"VACANZA @ EAST, Singapore",2.1,2.1, 
1947,VALLEY MANSION,"VALLEY MANSION, Singapore",1.4,1.4, 
1948,VALLEY PARK,"VALLEY PARK, Singapore",2.8,2.8, 
1951,VENEZIO,"VENEZIO, Singapore",2.8,2.8,
1952,VENTANA,"VENTANA, Singapore",1.4,1.4, 
1953,VENTUNO BALMORAL,"VENTUNO BALMORAL, Singapore",1.6,1.6, 
1955,VERANDA,"VERANDA, Singapore",1.4,1.4, 
1956,VERDUN HOUSE,"VERDUN HOUSE, Singapore",4.2,3.0, 
1957,VERDURE,"VERDURE, Singapore",1.4,1.4, 
1958,VERSAILLES,"VERSAILLES, Singapore",2.8,2.8,
1960,VERTIS,"VERTIS, Singapore",2.8,2.8,
1961,VIBES @ EAST COAST,"VIBES @ EAST COAST, Singapore",3.0,3.0,"2,412.9 sqm"
1962,VIBES @ KOVAN,"VIBES @ KOVAN, Singapore",3.0,3.0, 
1964,VICENTA LODGE,"VICENTA LODGE, Singapore",1.4,1.4, 
1965,VICTORY 8,"VICTORY 8, Singapore",1.4,1.4, 
1966,VICTORY HEIGHTS,"VICTORY HEIGHTS, Singapore",2.8,2.8, 
1967,VIDA,"VIDA, Singapore",2.8,2.8, 
1968,VIENTO,"VIENTO, Singapore",1.4,1.4,
1969,VIIO @ BALESTIER,"VIIO @ BALESTIER, Singapore",3.0,3.0,"2,047.7 sqm"
1970,VILLA AZURA,"VILLA AZURA, Singapore",1.4,1.4,
1973,VILLA DE WEST,"VILLA DE WEST, Singapore",2.8,2.8,
1976,VILLA MARINA,"VILLA MARINA, Singapore",1.4,1.4, 
1979,VILLAGE @ PASIR PANJANG,"VILLAGE @ PASIR PANJANG, Singapore",3.0,3.0,
1980,VILLAGE TOWER,"VILLAGE TOWER, Singapore",2.1,2.1, 
1981,VILLAS LAGUNA,"VILLAS LAGUNA, Singapore",1.4,1.4, 
1982,VILLE ROYALE,"VILLE ROYALE, Singapore",2.8,2.8,
1983,VINA LODGE,"VINA LODGE, Singapore",1.4,1.4,
1985,VISTA PARK,"VISTA PARK, Singapore",1.4,1.4,
1986,VISTA RESIDENCES,"VISTA RESIDENCES, Singapore",2.8,2.8, 
1988,VIVA,"VIVA, Singapore",2.1,2.1,
1989,VIVA VISTA,"VIVA VISTA, Singapore",3.0,3.0,"3,625.6 sqm"
1990,VIVACE,"VIVACE, Singapore",2.8,2.8,
1991,VIZ AT HOLLAND,"VIZ AT HOLLAND, Singapore",3.0,3.0,
1992,VOGX,"VOGX, Singapore",1.4,1.4,87.25 sqm
1993,VOLARI,"VOLARI, Singapore",1.6,1.6, 
1995,WAI WING CENTRE,"WAI WING CENTRE, Singapore",3.0,3.0, 
1998,WARNER COURT,"WARNER COURT, Singapore",1.4,1.4, 
1999,WATERBANK AT DAKOTA,"WATERBANK AT DAKOTA, Singapore",1.4,1.4,
2000,WATERBAY,"WATERBAY, Singapore",3.0,3.0,"13,241.8 sqm"
2001,WATERCOLOURS,"WATERCOLOURS, Singapore",2.1,2.1, 
2002,WATERFALL GARDENS,"WATERFALL GARDENS, Singapore",1.6,1.6, 
2003,WATERFORD RESIDENCE,"WATERFORD RESIDENCE, Singapore",2.8,2.8, 
2004,WATERFRONT @ FABER,"WATERFRONT @ FABER, Singapore",1.4,1.4, 
2005,WATERFRONT GOLD,"WATERFRONT GOLD, Singapore",2.5,2.8,"20,800 sqm"
2006,WATERFRONT ISLE,"WATERFRONT ISLE, Singapore",2.5,2.8,"20,800 sqm"
2007,WATERFRONT KEY,"WATERFRONT KEY, Singapore",2.5,2.8,"20,800 sqm"
2008,WATERFRONT WAVES,"WATERFRONT WAVES, Singapore",2.8,2.8,
2010,WATERVIEW,"WATERVIEW, Singapore",1.4,1.4,
2011,WATERWOODS,"WATERWOODS, Singapore",3.0,3.0, 
2012,WEMBLY RESIDENCES,"WEMBLY RESIDENCES, Singapore",2.1,2.1,
2013,WEST BAY CONDOMINIUM,"WEST BAY CONDOMINIUM, Singapore",1.4,1.4,
2014,WESTCOVE CONDOMINIUM,"WESTCOVE CONDOMINIUM, Singapore",1.6,1.6, 
2016,WESTMERE,"WESTMERE, Singapore",2.8,2.8, 
2018,WESTPOINT CONDOMINIUM,"WESTPOINT CONDOMINIUM, Singapore",1.4,1.4,
2019,WESTWOOD RESIDENCES,"WESTWOOD RESIDENCES, Singapore",2.8,2.8,"17,284.8 sqm"
2022,WHITEWATER,"WHITEWATER, Singapore",2.8,2.8, 
2025,WILLYN VILLE,"WILLYN VILLE, Singapore",1.4,1.4, 
2026,WINDY HEIGHTS,"WINDY HEIGHTS, Singapore",2.1,2.1, 
2028,WING FONG MANSIONS,"WING FONG MANSIONS, Singapore",2.1,2.1,
2029,WING ON LIFE GARDEN,"WING ON LIFE GARDEN, Singapore",1.4,1.4,
2031,WOODGROVE CONDOMINIUM,"WOODGROVE CONDOMINIUM, Singapore",2.8,2.8,
2033,WOODSVALE,"WOODSVALE, Singapore",2.8,2.8, 
2034,WOODSVILLE 28,"WOODSVILLE 28, Singapore",2.8,2.8, 
2035,WOODSVILLE CLOSE,"WOODSVILLE CLOSE, Singapore",2.1,2.1,
2037,WORTHINGTON,"WORTHINGTON, Singapore",2.8,2.8, 
2042,YINCHUAN BUILDING,"YINCHUAN BUILDING, Singapore",3.0,3.0, 
2044,YISHUN EMERALD,"YISHUN EMERALD, Singapore",2.5,2.8, 
2045,YISHUN SAPPHIRE,"YISHUN SAPPHIRE, Singapore",2.8,2.8,
2046,YONG AN PARK,"YONG AN PARK, Singapore",3.0,3.0,
2047,YONG SIAK COURT,"YONG SIAK COURT, Singapore",3.0,3.0, 
2048,YONG SIAK STREET,"YONG SIAK STREET, Singapore",3.0,3.0,
2049,YONG SIAK VIEW,"YONG SIAK VIEW, Singapore",3.0,3.0,
2050,ZEDGE,"ZEDGE, Singapore",2.8,2.8, 
2051,ZENITH,"ZENITH, Singapore",2.8,2.8, 
